"x","y"
-7.28533394563006,-4.67486969749517
-6.38412262428571,-1.43993344167043
-8.23351991682221,-5.23487914255689
3.35212698551134,-20.1788783330431
1.40522844891197,8.50527472992722
-16.5688507708977,-36.2166445426475
-13.4351860943334,-5.06374063468645
3.60501988955864,-18.8821309088306
21.443198403829,-10.5935844100974
-10.3003114662567,-27.2534270115469
5.58496590308007,-17.078715835103
-17.3435319308002,-32.2604060962361
4.98073936306154,22.0820000713051
6.80579235575438,2.81180643684013
11.2337173829697,-16.1312303869259
-9.77385197457094,6.19615062166493
-6.13609430668096,-5.6043839807318
16.7164901452396,-17.8659013609474
-0.574262668429742,-7.62526498576596
-17.7805570200802,-16.4156173465913
-5.96482163816144,-2.06481153242064
4.84317330139423,-2.85889793095502
-14.0434938252987,-6.77966526306293
7.51903878958032,18.3497553936941
8.95914228344247,-18.9293507851448
2.45853636762024,-8.17712870123232
-7.30543436008044,-1.64841936954597
19.1379369498882,-8.04971161158551
-16.6699819518807,-32.8403078049594
-13.9651466436111,-32.0454997707479
1.14177262068949,7.80598473290483
14.3916140718736,-17.2897935460942
-0.21213546955048,8.13205490297625
5.40839397131859,-0.731671488862833
4.45378103873137,-2.7851277993882
-8.57466813740496,-25.0818201649981
-4.12971696678609,-11.5804612066181
-6.84951878702925,-5.79271445333353
16.8734924621959,-17.5552878818626
7.96370200887547,1.19636919448825
20.1723553258626,-2.13089067110534
-0.895518047309432,18.2492838993924
-21.4587913984498,-40.9720263933642
10.9186930572087,13.7192254804849
2.9855733541864,-3.91543890818973
2.12765959105765,8.51649431240931
-5.28815765080452,1.33705567324166
17.5058006972348,-16.2754611035748
-7.33401089824474,-4.18580894099795
10.0535681531703,15.3972030059336
-7.06638667995972,-6.16344380036999
4.24935980408691,20.1579426998253
0.667933989566979,-19.3712052836226
0.764632596018124,-9.27497517413517
-1.39670265103945,-7.85356460760476
14.5176508117082,-16.2032342194549
-18.8184336676266,-20.8704273824714
-2.89866947663044,4.59300285148052
-7.50945630567616,-8.7912227335537
3.21553672850026,7.46412070789835
-1.20958045329851,7.09972348248109
20.5049749994538,-7.04562135116708
12.4626276930861,-18.9040142380914
18.378414066083,-2.98907110207107
13.3485396298719,10.2329158523353
-6.05697800568328,-5.57871286322295
0.683414843651529,-7.61084184597038
12.5526805334378,-14.2748286873028
8.7847755243399,-18.2932402841259
-18.929738648601,-16.8851567477927
9.55463960318267,-15.0282670713655
9.02968598103484,18.7713459498531
-6.9094553392054,-10.3681165855774
8.17622967625455,-1.49399335832247
-20.0371061510035,-27.4933175016492
-3.79740981261449,-11.0723301724761
-6.37128405638645,13.9798689419455
14.1123394463184,-17.2752896451323
-0.0191272963652877,18.6501626403272
5.4526550739977,-0.731402407571912
7.80143993828521,2.01671675445417
11.9908787420164,-16.0912119766983
-3.76340420158394,14.4926888474432
-2.98077467339669,17.8055798623758
5.48515698730091,6.68435948965401
-7.26239129263787,-9.13597591985058
-19.3903290918152,-32.8596295650192
5.85403167585401,-0.73267046246551
-18.7842552943682,-25.129010489233
0.435096514442009,-6.28793125506963
8.15948000964157,-1.99917240352941
4.80959077151918,-5.09642572505607
4.48083292941745,20.1890165944551
-7.80439392253378,-11.1978576996482
-7.48765135037802,-9.16591414403813
-18.7507585057311,-20.917821356123
19.3602968315998,-5.20727174591824
16.4111105435497,-17.8103462258589
9.77820885450183,3.76258466929693
4.87681373159527,6.83371838506573
-5.97554229227997,-5.54987359386959
14.4281940189603,-17.3593588771283
-1.49905350533487,-10.0634943502038
13.050935069014,-17.3010927931629
-12.7470312092975,-27.0113288185529
-7.4185595891737,-9.16241914002959
1.64421189307627,22.4965384350066
0.180225228141003,-19.1974061672562
6.4238406925079,-3.8629490264805
6.39963464387791,5.49645962001568
-6.93177670329901,-10.763563162325
7.54147447561644,-0.0449353465364349
10.1486706090433,18.1450884986267
-17.1454087846739,-11.4881332670303
5.90481183248888,-3.41289350114313
-6.59570232694499,-2.47759625983883
18.2916895654167,-14.001423466755
10.2422219018989,17.4249757870426
-18.5844283103431,-35.3213662600794
-6.77932391196085,-10.3358846775781
5.31079338665089,-0.7315751567658
-6.03443960091321,-9.17549328747089
11.3505425519639,-18.1789535918095
-1.72334223260298,6.00566030136506
3.97702818053661,-6.12644140159185
-5.96519769040791,0.287660977156599
-1.49581282823042,-8.47039353665544
1.46435095920405,8.52322783056411
-5.00080991311438,-12.4725919489482
7.6787838516672,-0.517339266244039
0.246376638358931,-19.1111047665892
0.822151877308857,8.25298797258506
-6.01477219541727,-11.5688297412186
21.6635471186775,-5.96323440418754
5.31907889441705,5.69711400353124
12.7436790046233,10.3103486411972
-16.6230707991136,-32.9017576609304
19.4573866607489,-7.54118548475393
-7.23745662313106,-9.93308350054448
8.34542510712213,1.21277825640965
17.2689699967512,-17.4670289243394
19.1892081425243,-2.55265034891837
-4.86303826301392,-20.7474464268904
-7.46996256470278,-2.33425147827152
17.521318751864,-17.1246531370391
9.08924307913728,3.86174489888257
-3.83497743786428,17.6890362691814
15.1981757821845,9.90090037252458
-2.50943057744794,-9.83311226453282
-3.85978510126974,-11.0563849013634
-14.0069298499167,-30.8718908146974
6.23946885777087,5.52592628084709
-13.9602982521425,-31.9190882042319
6.37896229882094,-4.97958036594369
-18.1265277028763,-34.724200964604
-4.33255561230109,2.10548929853658
8.59216758411564,1.06645559294385
-10.9068448994977,-27.1894228347611
2.16673923730574,7.21623811875467
17.6387013347938,-19.7356409321887
-5.07048818873897,1.28335955657109
-19.3318369134974,-21.1693422040373
-6.56593806141583,-9.4075190555626
20.5305367485403,-5.95258761795328
-4.91076634093329,-12.4335234121745
2.53583478238236,20.0027477362042
-7.36592680317592,-4.61919674569079
-6.72313208884558,-6.1474432272418
-7.53568167312793,-1.60320928093868
8.06943626125458,0.453515966547174
1.33927934216672,20.3146571810382
21.1229097065127,-12.0012727729691
-6.22047957450952,-24.0590532205144
-6.83308917742194,-5.99933166113304
-16.7595737758712,-32.8597942359374
-2.72043814319897,19.9073700131376
0.852270293763202,-7.59739416101955
7.86970716331233,0.855666209398171
-8.48505898024991,-8.98193489518515
19.4126296907228,-5.18399920133132
-4.7052384499925,-12.3584961654823
-9.63018393695973,-27.2182937124383
2.75405499031402,17.743947275972
-7.1850121226825,-9.10771040895082
8.18312779407754,-3.24556501194967
-2.72226763523009,4.29294471643933
20.2494301281541,-11.8739796008501
12.62718656234,-18.8429031677811
5.20878977415926,-3.80477528744838
-7.15920273579516,-25.8691979312876
-8.55874231437373,-12.4920148341726
-6.74323265888266,-5.76671669006178
6.09261094192375,3.98570233124359
14.7851294275053,8.45524202993951
-12.3825803398596,-28.5875622715446
-15.1129458687313,-1.08901847192648
-5.69286198093002,5.0816303597208
14.4588312225379,-17.3492394257921
-2.72093353522586,3.26782459880205
20.5186090729969,-14.5477627802021
-4.48427427205285,-7.90865028519894
-7.94855297555694,-8.29272241142514
7.98983242427339,17.6127045467193
-18.9711126643627,-14.9765263842074
-18.5096467263808,-25.1102776904031
9.1846050133812,3.88414876860456
14.5936364520354,9.9760585131296
-0.512938972403042,8.19249207406599
18.910905212861,-3.14323810523629
-6.77371465856698,-8.8512689288935
-19.2653720202958,-36.7862693421566
-6.45718859980348,-1.41755031659824
7.27661108206876,5.35661015590187
3.7548966781861,-4.39795002671443
-2.51219608292156,17.8456598827271
-19.2282823682086,-32.2154486717949
6.39080604036917,5.55950582702538
-5.96736273158995,-5.51830206081001
-13.819393469704,-8.37881858864924
17.6545110242689,-13.2821932734543
-20.1048867002909,-38.0183024665246
-11.9335467024907,0.531466749905991
6.48377966051551,-4.82701428626231
19.0947724795924,0.1911823856376
-2.32276476733115,-7.46886204012068
-8.31685503578681,-25.0579305178483
6.39750722579617,-3.84943705067597
-1.35635954108133,18.3001851193144
-3.96848194680997,-11.0402942295426
0.620532289559353,8.3115267579827
7.45911045170336,0.0054995614710461
7.37496869969221,19.6470740009836
-2.77692692101838,15.9602121292889
4.57427424406692,0.166743978623797
1.51370856874042,-5.65832756242363
17.3519916620455,2.21370733601085
17.733481129467,-17.6272222966266
6.39827750939622,-5.37397417512923
-13.8970294845804,-7.54368807682342
6.25849733000208,-5.1241256072731
-6.70937187482169,-0.780706517620978
15.4800770083389,-15.9673272048543
-4.04304288227889,2.97340873412213
-18.4956124007514,-12.7261717665865
4.28672163672271,-6.11332786798577
-19.9146136131493,-32.7957093876785
5.71484597557561,-4.91136407040301
8.19135937884552,-3.22237081676477
-0.452799821717298,-7.54342330126725
6.83808169956157,-5.68654314469224
6.3474514521334,-6.11937848528763
5.32339636421094,6.7060405588352
18.9473013239693,0.207767118205215
1.36950341466865,21.1691255396971
-3.26492981386444,-9.77377254889342
-20.7423499635801,-40.1702160719404
-1.18478840627847,5.4442497184667
1.24971813859673,7.6971378073457
20.5321746407912,-7.72141278362452
18.3425446169553,-3.70211056195378
13.1425409523979,-17.3404525842069
4.38399635280775,-5.84661218213727
1.41563975307464,21.275789416477
-8.28702742138569,-26.1983618556336
5.75775263568483,7.71506786325008
-8.71087347821482,-26.7881429498363
-8.64575364055178,-26.6771562049395
-7.78248021826596,-7.31469525672518
3.06106540078814,7.52128945801375
1.54359740123528,-7.77045516890011
-20.4022685174093,-27.3087893647913
-18.3839687211002,-33.0894952265104
-14.0268717281207,-8.33489282004947
-5.36076167773109,-0.310100287722535
6.36406964824464,-19.2862344743096
-19.3619061045358,-32.7137913398431
0.945918016300331,-19.0337146764352
-5.11463520483442,-9.69887139147949
-4.29844999073939,-20.7259660695028
8.68856965478381,-14.3336477020366
6.39656913413876,-5.33661705764073
13.9545492057105,-16.1934645871872
-17.0904783642903,-10.1412067378506
9.86641177119417,16.8774844792732
-8.20724358273207,-10.9023092226247
-5.97215035035575,0.134806713989222
6.94749656315961,-3.78461838394211
-8.54122413152695,-9.81124020541184
-1.23909333159135,-6.45947214079123
-6.81865323080857,-9.66045404031536
-6.43789451074417,-1.39753373432453
17.9940138699353,-16.2555137614659
-9.91183457101457,8.93810154355486
7.46928411978071,1.72681704898378
4.39457199875269,-6.10773243701261
17.764215661529,-19.6629438825239
-9.18146921372751,-26.5742338765711
-5.92906875075763,-6.33782067298598
-4.65716164903308,-22.8554363075067
-0.833210273922991,7.81168910336834
-6.35658856448158,-9.16291716946663
-11.9942607413802,-0.415451824656275
-19.6731089560402,-31.5830158718554
-11.3386718849382,4.92589813639902
-0.393247556230844,6.66116103693635
3.72895244560775,7.80669127340465
-12.2513230217925,-29.1610178168398
-7.75306970974653,12.4502027436875
2.25558411855393,-6.69121484410207
-14.8415697597964,-30.3139612459399
-11.1326187426546,-28.0140906961108
-18.555211360414,-18.8112710995174
10.4993274753248,16.6506291513188
-7.35295711511516,-25.7432910132738
-17.4300748728783,-10.1046001438862
-10.1742001415658,-27.2663749691741
3.00898826816642,-3.89491992706892
-3.88962780788795,6.3741273537796
1.82386347295556,-5.64447820766272
4.33872308081216,-6.07040016802211
5.53204601092416,-0.724215993694957
14.8557632072827,10.0420066794404
6.97881361706719,-4.2607325314611
6.28182850027769,3.49326462533141
-2.08957129582193,-10.6991675360641
-6.76957486550872,-0.752423047109538
2.66531572591994,17.77128281781
0.58483616963674,-7.97283770621246
6.78874454962737,-4.5061845598813
6.40065640090444,-4.77943194094477
1.67885100254953,-5.62645105825782
6.74736114616277,-3.76025458885922
-12.0633421735573,-28.3054584997078
1.0059208040091,6.80345522102598
-4.83206997672581,-8.63958754380337
12.119947938182,-18.1164577567428
-18.4882434240709,-24.9554621364085
17.5398714932201,-15.4406868678634
20.3160664118284,-7.32973141170842
-7.41058987427578,-9.89388263768574
6.87450768267503,1.5605364217501
-4.60924574256174,4.84335772443406
20.4184671606704,-18.4284466067256
-0.333684515802004,18.6872527383126
9.26364315919184,18.8256421733821
4.01922798987546,8.94220006260822
15.8623757978636,-17.7589743530841
-2.21315123789129,-20.5606468997932
-18.4705773194139,-27.1499216349331
1.86359161026592,7.70824809362784
-7.04452486952599,-6.13545270494617
-8.60201188653974,9.4634547600811
6.3143318772785,-5.11430799550577
-8.25968178905212,-8.252345898359
-5.89055497351875,-0.256784424118681
3.78163383856835,7.80472687015615
9.62173513637455,18.5724917717018
4.60731597657841,-5.0870199949048
-18.4536301111787,-34.5005418325453
14.1815138524251,-15.7783033540819
7.70626223445558,3.7134764507304
2.79670960346278,21.6040530720835
-18.4851520541143,-16.8414450553047
-7.99030146992589,-8.21380181643382
18.6171311564275,-2.92753367430114
-3.60037207795463,-9.45971819844749
-2.51396481417564,4.36133595159986
7.14385539272673,-16.7220441309738
4.51039247432055,-6.87041851521698
-15.7509156161937,-5.87189866334914
3.26142781253363,5.83176962873393
-16.7266115377146,-13.0779780681572
-21.3168150252836,-39.0471417003224
7.39821421905625,1.13032704042755
14.3488706594329,10.4012585087637
-14.5958724893107,-3.52780361938585
-16.0624291582943,-5.04844620541161
21.5537971040242,-18.387106504093
8.01310595698736,-18.5469970729675
13.4571956510249,11.1209864063
5.49605085900001,-5.44870575612538
18.9746980215817,-3.11687021687472
-13.6445959746187,-30.0462116282561
2.08523143035022,20.4264075834213
-19.6454807116586,-31.3732051190508
8.87642109861557,3.90380779308876
-1.31481020729746,5.15207888133061
19.5208110418784,-7.53223455593552
17.0230609586975,-16.334218106779
17.5815233934249,-19.6172123782049
-18.8907073093958,-35.1272907400355
-1.49247829079509,-7.43937180035279
2.49600515304543,9.0479580920822
10.3322965270318,-15.5538338806401
0.696305635499535,-7.58512111062076
-17.2982067249345,-11.4358015823921
8.41623121611644,-3.20234232212263
15.6532787954555,10.1035773234297
-14.3637757328618,-3.50502906900202
18.0948057601579,-19.5040367925209
4.35356508334173,-5.81978186474538
5.47096074650885,7.71968672389409
-14.010865321389,-7.54538581437039
7.47827818787813,8.01817918053643
11.1223628028874,-18.0523998931005
-6.33921746582222,-11.6148633627385
-18.8537616608534,-21.5177157375766
18.2241042355982,-17.5898474610915
9.30279552175267,18.8929668820663
5.67608277607449,7.72419428324152
2.90757839847968,21.7937536237818
5.54551055420151,-0.707559361083145
4.16045757359166,-6.10212982353801
-8.91225946619828,-9.79222454079748
0.905523630127931,-6.2458141436622
9.95884003898548,17.2734594855585
-15.5856511049066,-32.8966783929648
7.48629885870361,1.15548196854398
-6.69281823617733,-1.81055642469266
6.25031531593364,-5.30041002719675
-0.0846566497706209,8.62036688179125
18.1413652176998,-16.3014372130914
-2.74368944804219,-9.19140331182289
-7.43420276565524,-4.15157468847104
-20.6503533779446,-23.7154965904346
6.28981966838436,4.01360230467394
9.34451398164264,3.92226583691946
-7.82776532235067,12.7707036457398
7.55126059684746,0.053034726701827
-11.0217539301053,-27.109515435051
-5.97258445602161,1.45386119057229
-8.17955456481781,-7.68872849924958
-6.76649065487809,-5.74309531709019
-2.71166370987138,17.8903443519214
-10.7887776079921,-26.4779753117573
-4.97438439704687,-10.2610726420908
-4.36342894762646,-11.5888413356924
6.85542038387437,1.27368541755278
0.953652849689342,-7.57420390736947
-0.768311456681477,-8.60173335481014
4.40996050272126,-6.05802002501527
-1.48299347961199,-6.96017155857982
-20.3253108392374,-36.4932684559911
-16.5987718996714,-32.4487847623701
7.01449693404038,-4.22199557674915
-18.4832416643643,-12.6033846808879
-8.45438572017111,-8.93533070152266
-3.07180291328399,-9.75359150790329
-18.0522196321204,-25.0969084024206
-7.45608570611973,-4.56261839837399
6.33043107398031,-4.94761742524391
17.48048341311,-17.44272685501
-16.9813285510785,-32.3836100215574
2.57761533811168,-7.27950175805197
-19.5937667791126,-33.9983762666659
-3.52781057509899,-9.314065225905
6.89586712567908,1.6170023115297
-11.6768475801422,0.614520085690635
9.22501361777708,3.94106676468096
-7.91036648430744,-7.40941531727514
-19.2997745437381,-29.5997080143572
-19.8614107296419,-24.5614539503454
8.03388770724027,1.22686513383897
7.90294752142158,0.921315805961771
5.95547094144643,17.713439459895
-7.3915881924239,-4.11869488343189
2.39232099858255,-7.33965355280059
-6.76398059480886,-9.61537976005311
-20.2497435969376,-26.0979380020285
-18.4794156283033,-24.8629883806886
19.4925792440806,-5.16467898703837
-17.5638755171475,-16.8003241456223
-16.8807739655018,-10.5175560210011
-5.44064627974808,15.2441680430423
-5.99843055448927,1.17736231091846
15.5693949875089,11.2905742661203
14.6260885198287,11.6866104755876
9.43942596309189,3.96175444095754
6.39911535638522,-3.83601630966759
1.42435714354549,-7.7540926813016
4.64070297473821,5.64388046577849
8.08493326546179,1.23890546393254
17.7085552334976,-15.3335342483537
-7.43196067640468,-9.07081894028369
3.52728877734196,-4.34824914071333
-11.4323005213267,6.10065008279728
7.31459875000443,5.38943061381191
7.59208914620167,18.3976655384183
1.57586046148679,21.348766588407
-3.87240371666589,14.6019136432641
8.20357888199454,-1.46530574710364
-11.8750211058843,-26.9018692389277
18.3616207621909,-14.2035935012805
-20.4813819618944,-38.6531318695356
4.11259319907698,7.57309477926951
-2.62711940855252,-10.8772174596457
11.4721813979324,-17.9882847239055
-2.55796172198564,16.1831912879033
-6.73433898221168,-10.7319774740127
7.41764356000838,0.0965203704448902
11.8590538069615,-17.9256169721802
5.504914529409,-4.8710773434121
7.52569242098533,4.43480906191373
-2.5158770785321,17.9384547430164
-2.59128282345595,3.38960068201622
3.55438161705836,10.8340450503628
4.06490400061412,7.92128290591486
15.7298626583089,-17.7115121414214
-5.96368950734691,-11.5858587453553
2.9363888212672,7.40332049920502
-18.2683679778985,-18.7724700549758
2.36439425000878,-6.60787997196947
-11.6010010002406,0.698813054080969
3.09276842327818,-3.87772054822891
7.18973529586047,5.41805280741112
0.541237953738154,-7.56475189541364
7.76798895934972,4.75952997209771
-6.31927471764727,1.29617653901575
0.792292574849703,-7.32099672556359
14.9334515683535,10.1656028970704
-7.36065153931246,-9.02799570523365
-6.10837784946288,1.50553114206519
3.62961604463858,-4.02365482299608
7.61026116035666,-0.60961144705519
-4.42141372866584,-10.7939053824314
5.51302016633077,-0.682039185192497
18.9964690820521,0.219323207043617
1.48701830704805,8.5292504101656
7.63077389543864,-0.565305506548783
-5.83653805085585,-8.1095495133314
-4.88865822495249,-10.240713873008
6.12898197376033,-3.82151849230764
-0.14911479943711,18.7264316564922
-21.0610890292767,-25.9887677404733
4.36347300905777,-6.04402197908958
4.67434306201083,-5.07636176464955
-6.80613483907245,-5.72315707657881
6.27560220179358,-5.10528935470726
1.90545416009206,8.53833717698772
-7.71825001388659,-11.1684306346045
14.6692387893888,8.48579395734391
9.69615679361392,3.80252716538809
-4.9517929485887,-11.2333018652674
-18.4254773770804,-29.3550251843737
-8.14915464111555,-7.38128310534943
1.71376351295797,8.66989281815155
-20.5637204797278,-37.711663763328
-6.39615361092525,14.1913133904466
13.7718232170242,10.5031018726818
-1.83583586930115,-10.6651525670489
-15.4209631300316,-7.80327358916035
3.58010623336266,8.94885148377022
-6.53606843179737,-1.75267804577759
7.93454178460636,17.6610782560105
5.31475623900154,7.79428142451505
-9.48089383064939,-12.1316222930203
-4.45149265892868,4.51236453325069
1.43383579153516,20.5654076970184
10.5793266540978,15.5671044667442
-12.9716288049707,1.02568192189265
2.62093690271401,9.58722995036425
-7.68010874759726,-7.30211175485227
-7.02261861371286,-5.98587324086557
4.42992687294007,-6.0291071539784
20.6663269642398,-3.38600118113873
14.5530794005308,-16.179867119474
-11.8134702642759,-29.2844173076821
15.292601631807,-14.606712094759
-8.42047403953929,-8.89087731563062
-8.38507859450056,-3.3575509465258
-1.63220587878177,-10.0198795297731
6.52329651494754,-1.15619294447746
-7.42993753687699,-8.76772917852621
2.27765175700796,8.91202923890447
-17.4731932631288,-32.3191504706256
17.5603195106311,-13.4887471747094
-10.5467120709274,-26.3852984761971
0.31163053252882,7.679647396722
-19.1025744539696,-32.1442615954449
-21.7725408480783,-39.5407121376919
-19.8143129466292,-20.7749521190481
-14.141729639502,-3.48292541047724
-14.4788789421075,-5.02976807722116
-19.5686848615397,-20.9182021952603
9.49411995757591,18.9769666308928
11.5979770089379,15.7545487372655
-11.5196144368648,0.780482735256866
17.48738062243,-19.5884511681383
-8.5492543386723,-25.0181570006839
-0.637368569939076,7.80972849901911
-17.7214393700033,-17.401843156364
1.39066805984685,21.4093055747493
8.13819463722951,-2.6300400810144
-18.7174752663681,-27.1780877081374
12.9707493378238,-16.159952243619
17.6704820146862,-19.5666650012309
18.8066615566727,-16.6829797541574
-13.2059387355501,-29.265865349447
7.43386431647961,1.77738472007957
-18.5298986060141,-18.7286905117874
1.19631378894775,8.72495484988693
-19.1883494852373,-29.4475801333736
20.526030210703,-15.1556999472999
8.09939888809958,-3.1838760863364
1.29852640966139,21.4851523958571
8.16846857068326,-3.16487403788223
-1.4627697361395,5.21575348307502
11.7272724730428,-18.2383826752781
-7.40136614727762,-25.1601892591976
-6.79545789409691,-3.60758940216363
3.39408991827969,-3.27154983001627
-6.42199021140861,-2.40491335020753
-2.53096193971444,-9.51306155374219
-7.56663169526402,-4.08657159014402
5.61111154364069,-19.5418586263895
7.53306136666321,4.17515243073672
12.7945342687699,-17.3325782007704
-6.76156325343478,-5.70776554673533
-3.85181706066944,14.6963590088505
-3.71880518175711,6.44932523806311
-5.96872794556722,-9.16485603524967
6.92002224260209,-17.2030278281045
20.5364372766769,-11.7604913295226
-6.24736274838788,-9.16568354027916
-17.9790939478348,-14.9288123182466
2.23059479397121,-7.24312080443141
-19.4691613220559,-20.8509693004138
20.5456009022572,-12.4814340648291
5.34565487202314,6.72804392758152
-11.2385533799857,5.00577956311911
0.937415440318684,8.36609258970815
-6.50722956222934,14.3590377277249
2.83708365188644,7.81261430528188
5.64149423336751,20.1073144129934
19.8285734385215,-5.14868043117438
7.65361793226852,0.97764485151261
1.94956612005436,8.78112624241364
-17.0354025935471,-35.9615846095515
-18.6163927765641,-17.3852762154628
-16.5293608935139,-32.8848702315912
-17.2502452598258,-30.5936253272922
3.8093779540015,6.60185966292157
19.2454495352132,-14.8821569639769
-19.7727586841826,-20.7282826425937
17.4095192365122,-16.2403673484052
1.44653086825427,8.58080377538973
-19.5438547800361,-26.2931213355895
-19.7359231358823,-29.0342232119244
17.6880261398332,-17.4209958176156
3.83850141098157,-4.30261774087033
-5.03265336606982,-10.4787090601964
12.2434620554325,-18.890863509717
-17.1990467760638,-35.7311907565018
4.77586009315042,6.56158058263943
-12.5469208552324,6.51143180085078
14.5402463205834,-16.9320017304302
-2.72021719244736,17.9888125290696
18.3952184044079,-3.67049512645351
-17.5174767022121,-32.5314555482887
-4.21831781607745,-7.88948594774164
-1.16239389812563,7.65368725407509
-20.9467114252478,-27.198159826971
0.708773816393217,-7.55685645178939
6.16001936127206,17.7247517638043
-19.6192719557431,-24.3387681534371
-8.1147455896614,11.394079131501
6.65120514834611,-3.73239118214273
7.09835295966585,-0.881826385581437
7.56274857935875,18.4438695086275
-8.34995404120103,-11.0883995668564
5.5216399375682,7.73068014897404
3.30743209089999,7.8043657577466
8.22244075496065,1.24917488384664
-4.56332715488584,-7.87117799621432
0.880707614580356,-7.95018764281984
-7.44571653209815,-8.74603972223812
4.70814406186074,7.61780470138387
-6.75875719888964,-5.97404175295602
1.04311686824514,8.55426325680445
-4.1744262607971,-11.5944560973475
7.44748408240094,18.4883920442753
19.9122024171284,-7.51728173188041
-3.84815800178942,-10.1719157750004
9.38980738326826,-15.6680233537057
7.49355233496513,1.82772368657632
-8.52967161416395,-7.70507602652861
-1.00573258321128,5.46979432874582
-7.34859864286152,-25.6165383198547
3.65413294034872,-18.8770547362313
4.54176960276296,-2.70818720695617
-2.69111568733308,6.94807831906562
-4.3925537389899,1.94345486416543
-21.1843522324239,-37.4006540032507
-3.16782951915301,-21.9332283818759
-10.0449959015823,-27.2440447640224
14.5700880949754,-16.5082459148793
-8.80073794662876,-12.2542796081445
8.49993340650372,18.1974517028544
6.40744088001509,3.58060571223236
18.414327652942,-3.4376322550392
-0.953577807014349,-6.3951213255227
3.6787450141238,7.96706603875474
3.86941618581684,8.96443930025828
15.9265475006591,9.70554790618417
19.5713987842749,-8.0224844703785
4.74201379775245,20.237789868533
2.8743242215653,7.8267650309185
-20.8407795436694,-37.0904601937184
0.64769562196366,-8.07869488583088
8.1131217911836,-1.93447154699403
-1.14007363643435,-7.83648395890073
-4.26009220270045,-11.2758878221284
14.2440105511108,-18.6821229475828
9.140115461877,19.0812879748485
-19.4436243549444,-28.8379633846179
13.8662292181435,-14.8335924118918
3.90253425481558,-18.8651757821364
-10.6684380127486,-27.7358974877568
-7.00037724912559,-8.81843208458724
-6.75508099930718,-0.737378203116099
5.09448181446707,6.86754075079615
4.37048726070859,-6.09605765873181
3.17118141688789,7.81042364282114
-14.9732930641819,-7.54642522251322
5.26850751695968,7.74066081743125
12.8463747954303,-17.2566288711989
20.5619417635921,-10.3072936184868
5.38547546766599,6.99493548679199
0.0471069849646152,9.81169980565254
-5.52495359607388,-11.1050051362621
-6.75005322282118,-0.0971202186095984
5.01726833347376,8.87909017150613
-6.62422510424513,-1.37807500873491
-7.87795933438622,-7.35726567903735
-7.42818668544738,-1.56261899981539
-16.9294033155187,-11.3804826087053
10.4175956947387,17.5364815781244
-1.50825673552534,-20.3724661885513
16.1667089561365,8.93017243339275
-6.67323106894982,-1.6984097129202
0.7229868376148,-7.55060895353283
-4.75163972113267,-10.4403236111692
6.44982684715757,4.04597583129351
19.6888651526283,-8.56019633683822
18.4380356874616,-16.6426956164461
-5.16541523806877,1.36802614455169
-7.43103127805712,-25.4944311844533
-6.29709493719265,-9.16284748745552
-1.96085586499967,-20.9156664550698
-21.6105953425166,-38.3223097550351
-6.88804851338833,-3.93906297294636
-7.35665152861217,-5.91297486838705
-3.84691956337205,3.12747582412724
19.752854534529,-11.3259276029555
19.545833679993,-8.5160564205619
-7.82639988468624,-11.1438959794698
-1.08636268281404,7.04563578658368
15.387190631815,11.8948768512472
18.4686363837432,-3.63862727380308
18.0452642960674,-16.2287940260332
-7.85354886400206,11.5228845518311
-13.8585740871594,-3.4607180153201
1.60967340644907,7.27775358721162
-6.65037026917652,-1.35706894157705
6.56597479281945,5.75933731698673
14.7226035234109,-15.8797219487908
3.70362670339856,6.6343571211897
-11.7475415452579,-0.36306841473091
1.78589754584487,20.720418535637
5.13408213446545,19.2075829939093
-13.8498186244264,-1.0181170825815
-1.5687765088319,-8.42428761579313
2.20129934323624,-18.3425072351083
-5.76947585409946,-0.203357804406884
3.12978445578453,-19.9973377305347
-9.32975521914894,-9.56559883606972
2.29818214935688,20.0669707028331
-7.32184231396179,-25.3824609404925
3.03364548305894,5.91482043185004
12.9036350099874,10.6118599437331
-2.66166564170252,-10.8507642954003
17.6023437309296,-16.2195659559904
-6.78654628776527,-0.824783493962276
-18.6499480798394,-16.7608413828204
6.30047722552106,4.08334438114721
-17.9092846746996,-17.3712310898177
-1.43308942133708,5.27128252008055
-16.4763557482412,-34.9306764543222
-17.8431389102135,-32.9531672099832
-16.6968510323345,-32.307235952997
4.91077775601302,19.3495258680058
6.76963291461441,-5.67800778938415
19.0159882817345,0.229470644755382
6.60941187649704,6.28852276348629
14.4837464044509,10.7235139326996
-7.11113961826786,-2.2652605022778
-7.43062131631407,-5.89433456622092
17.9425427204154,-17.5233167819733
14.2997430597936,-17.3251961238801
-0.702478565411354,-6.18448525622196
-19.146180760033,-33.7409658517524
-13.8724840740318,-29.8036895318566
7.57626727215275,1.88176878807221
2.04062578104169,7.34062080221554
13.5657982784969,-17.3178862019339
15.9955499382464,9.12647400133526
-5.2231491121546,1.40740128536868
19.0366293969827,-3.08367230127368
5.24119732490786,19.4987963020574
7.83560865426981,-0.467013537011083
-19.0142421447606,-29.3073874142338
-1.05032540607377,5.31781845191382
4.9453310685382,-1.30199398954726
18.8632661508943,0.241829423943083
20.7198006897887,-14.4905787136773
17.1574640113481,-19.4459341910686
-7.8175425331933,13.0992817744869
-8.07561511518693,-7.67239533714809
-14.2501191302054,-1.52632240075152
20.9355729275473,-15.0870022892276
-16.8363446819147,-12.8885035641054
6.18615492394396,-18.6349578399929
-5.98539854101542,1.31359052465114
-1.52947893221872,-9.97574585556344
-2.46732550514597,16.4162641913877
6.20782048126105,-18.5893856666484
0.490927961970833,-6.21159842668896
-3.93771202192994,17.7040121494151
6.68895199073245,-17.1665931798938
-6.16439179959025,-7.64046440069897
17.8016873180644,-15.237327955089
-17.6131982528333,-24.7339231723817
-3.84582669211418,-23.3070142412145
-20.1760173664455,-27.1509081291146
18.3193069128584,1.10099444050816
2.96188033919472,-19.8452987782922
-16.314013576914,-32.2986041255684
1.99501366899033,-7.73774844404596
15.0171412163282,11.0356635149067
19.6012579805743,-7.49559552211711
16.2781965056091,9.2263679636783
-7.21138015913687,-2.1975902804734
7.34729940798527,19.7860386697039
0.113679918404802,21.0335164431688
20.7825322071843,-5.94123781764636
-17.6656863256865,-16.3727725150176
-2.40958096026489,-10.6299517855368
-4.9311990893481,-10.2201086203108
6.050781600197,4.12622942427998
-7.42457550772673,-10.9690870556609
3.46676937445772,10.9394345075046
1.74932162661771,-4.45094513454927
-14.7162661650232,-31.7649519024251
-0.273513040289105,-7.54266790133045
2.31855973562427,-8.14236508833726
0.963986931456571,-9.24135860478094
7.23448856149763,4.23063487056238
8.25059944917992,-1.2154672922165
21.333410969744,-14.4364883662553
17.4466873199675,-16.4612695102838
14.5292248070152,12.1531401262249
-2.49995053974824,-10.8229826347188
6.26483813606324,5.59841748113953
-12.1469699500266,-29.2314820242568
-7.64073352778965,-10.1976961617311
-6.19269783729502,-11.5769291849104
19.639162894742,-7.99689824199308
-6.97762273587046,-3.5784639096963
20.0879128082763,-5.92832142665991
-3.91141227596595,14.7856718378653
3.93826759428608,-3.99366201495304
18.1845304007715,-13.8592630439437
5.28937046584131,6.7512156934308
15.7983693452752,9.340931157223
-4.08548936397112,-11.0237886330378
-19.4942644332828,-25.2861189213952
-5.96878117501148,-11.5337264056343
18.2598896484049,2.34361938186657
4.37664824104248,-6.08905357376386
13.2426986015067,-17.2328590052157
20.5292473538642,-11.0065985878731
17.8448912058263,-17.4938946813964
5.56308850787167,-17.0302894096478
-6.08181491883174,-9.15379567967918
-17.3871712044418,-33.4955671430111
-7.43855080010732,-8.72424266742277
-4.79452903814622,-20.8042318731217
-8.51073916362956,-3.32841250480237
16.0740485952106,-14.6660981862772
7.50024481937067,7.8500472550095
-7.83851146359307,11.2027500072123
0.980287252572873,-7.54610077768008
-6.40842635905093,-9.3584144104645
3.49827045090967,-3.9653010367353
19.9999220228725,-5.1353728618743
19.3035246056675,-3.04154628690934
-15.2620379639962,-7.78684558035013
20.6221599530294,-11.671556511846
5.30299107338566,20.1341735256644
-15.9115703914654,-0.947661984460497
5.31685846380209,7.75336033958459
5.33178970654826,-5.41162315088365
-7.82393507110562,-11.1231290435778
-10.4241940509466,7.78151970349711
12.6893745776076,-14.7808668159144
-7.13461207293176,-10.9482769254626
5.36405628014828,6.77615355752998
20.8544725939345,-10.5560696593004
-3.4472008256871,-10.4031945082019
4.31690659872077,-6.08065519980401
2.42383834362616,-6.530512046903
8.29070941608839,1.25794903073761
-5.95376441664166,0.328373736387564
-18.6839375409319,-32.873216160992
6.8218726375482,-5.66905334247935
17.468630512228,2.49072865265895
18.5084236175629,-14.114329356816
6.27023925352459,3.65341322620379
10.6594280163652,17.0880284868276
18.5587410091354,-1.87137690623996
16.5597856312254,-17.6676859896694
10.7414663474345,18.6121184433877
14.0366352562578,-14.7245925836859
-5.61019002902801,-0.15005740907468
7.73604366145457,0.384530655434321
-7.83085973251445,13.4205760720337
-7.60221197137487,-6.0139766734151
-19.4174528502974,-22.3883214631232
20.372187950183,-7.32476062326038
11.0171357236546,-18.885151449978
6.00459789869351,-4.72858734945061
-16.4058888158008,-33.2743527360584
-9.04073692565424,-3.29945556346652
-1.27480476552256,7.15674283852463
6.22544785270835,-5.26621131257594
-7.08849470840876,-7.12346485099435
-7.38195579395926,-8.70042631681349
-19.973430271113,-25.2108964605842
-3.82067094826595,14.8794990239712
-3.664249043694,-9.72938869603077
2.70997272645984,20.8802011130846
0.374933931258927,-7.92883283159846
6.7208329397197,1.67305409330669
7.05473210424725,-4.05478837626091
0.741112150446507,8.41466962721068
18.6801864018444,-16.6002390819147
20.5873485786495,-12.4834209066165
5.43129332784838,7.76742965506342
5.17263474918732,-1.26371470817067
-19.7029814953081,-32.6227489004131
-6.27301274169422,-5.4844341521825
5.05518367366559,6.90552001936417
-6.48055757685147,-1.33241033459861
20.455576460743,-10.9884545700728
-1.11550432879903,-7.81977422709
13.6714791258195,-17.3101396054167
-3.35917912027895,-9.86013343995678
10.8272764326131,3.83505231933851
-3.84260433471264,14.9859923638525
-18.3307386692145,-12.5282895833058
-8.03339462920549,-7.65624091106212
-7.37316873612838,-8.67267897314364
8.12608488390046,-18.5069833755171
-4.52124231031275,-11.5896920167976
18.7444990877911,-16.5550634691616
8.05254277525504,-18.4679360586517
3.43222828468232,8.9953470052898
17.4944567400044,-13.685237766635
-7.34260645589135,-10.9260066795071
-13.9156290660381,-5.0069958505112
1.08955389379694,8.83398026114794
20.4841882678533,-12.4848489908759
-16.6456939885032,-32.3420432897228
-6.86794130345916,-5.69601164995789
-4.00367695163609,15.1073232662791
-6.95462752805782,-3.55202369012014
19.0617662041507,0.260019537209297
-18.1994374036273,-32.8401890696475
-13.9448036728872,-7.54547040979378
0.924778130773545,-9.21342986746821
5.80454157557495,-0.648956276893139
7.50658251462822,18.5312578853155
7.51277162344575,7.88191492900403
-2.72637691629014,18.0403689428079
4.20665911248576,-7.19039901607726
17.8923390861611,2.64885204033461
8.1493575221501,1.26569996219641
-2.82941200012456,4.67572450247293
-16.7960480546546,-32.285559377071
-2.51408931221519,18.0925942556358
15.1057788568173,-16.9808819962361
14.5031602865443,-18.971620300921
21.2260947534211,-14.3856633326362
-16.198305644253,-35.5202254527896
17.6216411124733,-16.2114552999175
12.3586217537424,-16.0374074402399
2.34016895583371,8.07353718427268
21.0255157806707,-10.2827456498277
-19.5191051116133,-31.1354446505395
-19.0583288284208,-34.2556257921356
