"x","y","z"
0.999996163863177,0.103403870845914,0.581885847894628
4.715075412e-09,1.67153968011e-06,1.71615522190362
0.0343667431568249,8.887703838231e-05,0.0921458924480681
0.999999817585219,7.225731674e-09,-0.211400842001712
0.00145886012953883,0.00421942622831956,-0.327722139097881
0.995080239134818,0.0072558882459938,-0.84108675100792
6.5515117e-11,0.000293335462055862,0.329738383518832
0.48635027842352,1.335248392026e-06,0.509446043149678
8.65308341846e-07,0.042837505245478,9.20035589345223
0.958823943039255,0.225999773944307,-1.12637645151854
0.467826453819127,0.189094553655591,-0.460199098015239
0.0128701138702633,6.814422785777e-06,-0.446584254907003
0.999964695156915,0.962601652425075,0.400179428790149
0.999997806790296,0.5161597405724,2.52772627839777
0.125105668575331,0.286694971433885,-1.12631262504902
0.000391804533827397,0.00138497110100528,-0.998122578522999
1.9557561376e-08,6.1575886732092e-05,4.19056686975164
0.887632027057395,0.0549856934615414,0.706575238091268
4.406126192279e-06,0.392781030883509,3.19274675313692
0.982676648998225,0.0599263355710429,-1.90709454018477
0.202295634711178,4.0007058566e-08,0.87390417988392
0.999999004907189,1.1875496295e-08,-0.28678301306435
0.998155043266874,0.990962429289399,-1.14082793180323
0.684277601951873,4.41938564591e-07,-2.81509195817358
0.996949603109099,1.670547300387e-06,-0.697755172284474
0.010807172963438,0.619965237732934,4.15983033849516
0.00166959703020018,1.25910263e-09,-1.97633171228019
0.811350802522712,0.00248757242991987,2.63287837312623
0.999990846943559,1.243201345002e-06,0.392344936679978
0.0234993997621719,0.852447329683215,4.17004693654521
0.870556624661704,0.0559439510211388,1.5136267110813
0.242865565801318,4.455124623e-09,0.850603841213429
0.00299864413459422,0.843577024018013,0.982541299736577
0.411149798976555,7.2148276e-11,0.682949931972812
0.999999984149052,0.13714390111234,-0.868705963745505
0.999788986163158,0.00556881502195515,0.674360316737595
1.00000000003188,4.33323e-13,-1.38415080029846
0.999341340442094,1.25667302572e-07,0.493110883441905
0.000315346873446192,0.038544504918756,0.713856377128093
0.999877414608452,0.0292616931434295,1.73380461483392
1.13123542e-10,0.000298836429397662,9.97093120439783
0.308486668733493,0.0666818226597399,-0.38340692073966
0.861196546350435,2.72673123057e-06,0.710456020078661
0.984082115684432,0.00180722022871206,1.22701359148468
0.0746915838773194,0.000164137424978182,8.48767550231263
0.732211608121485,0.14388236468722,1.68125038703754
1.00000000001027,8.50197e-13,-1.37140661701671
0.665303373175718,0.30953554127523,6.50298805292279
0.00813671531576354,0.504343031603454,10.2230870637292
3.5699625321336e-05,0.545015007112476,7.34835200700455
0.0648969107445052,8.0472061574958e-05,-0.223823214571577
1.89790371e-10,2.7641104924519e-05,1.1379727146538
2.93116722e-10,-7.6766e-14,1.72908836900966
5.9852322e-11,-9.5139e-14,1.4613327725338
0.0214323526447845,2.658993e-12,0.839111920711464
0.850704858918852,5.633511e-12,1.25099945629207
0.989372122188847,8.2640435810281e-05,9.27026470879249
0.753460775187199,0.929802368771526,0.154736874954945
0.00212876009054795,2.0998374377652e-05,-0.63872483596078
0.0127313169491848,6.951341668241e-06,0.596490824862462
0.141150535826267,0.000106124377462352,4.92789269081741
4.1924463274e-07,0.802027651580936,0.973779703311331
0.336941169027851,0.583369174610126,1.69860532758032
9.7094542911e-08,0.124467827928989,6.02792487314132
0.975631666566844,-2.4065e-14,9.05992768574504
0.988130387605426,5.196283068e-09,10.5545555091835
0.312140160501363,1.0176869989675e-05,-0.883450627879289
0.669846338604991,5.94842858e-10,-0.247865195823063
0.996483332063671,1.668107186423e-06,0.95882745804362
0.999999820047795,4.4862418252e-08,-0.948834752236944
0.147346075814725,0.0021242091839441,3.11405490223872
0.996097751311394,0.0452823023198235,0.962151866753098
0.483051988873699,1.689688776e-09,1.81213098673634
0.985157462874583,6.59212819825e-07,-1.90335919291977
1.00000000000278,0.0141866804467335,-2.71805399310985
0.999879565811357,0.0294979996631814,1.30877579649466
0.00856665331835462,0.0949747755620124,0.878012124428525
0.0663831875721128,-1.1123e-14,0.297439877140013
1.6671005659956e-05,0.00884062005744033,0.0248056199199727
0.999990588942522,0.0593013663075092,-0.879147283113517
0.975340326504983,0.0252851679870933,-1.16453150224605
0.94099263402477,2.0032643e-11,2.09049912389926
4.75152478404e-07,0.00025182619159793,1.7778162397138
8.40565664e-10,0.0220439091905334,0.612951762337258
0.999999999435224,0.767556865059626,4.47026218520971
0.98968914026396,8.4349755882198e-05,10.6212426000107
0.0817821586825186,0.996302646411369,11.4166082398115
0.999987025521417,0.0920027715164406,2.90197478141371
0.999999999667314,1.9900335101e-08,-0.306652905581626
1.653692432e-09,0.000575196027337112,0.650997998242897
0.00125335122917523,0.0132271237831913,-0.42721155802085
0.997023625695011,0.508061540907286,0.698281986814869
0.0363170198380246,0.0028658974972329,1.44192203038089
2.0656443916e-08,1.777963660876e-05,5.33538379371671
0.985652337097862,0.72847360719496,10.6771830591736
0.999999999965326,3.1092766317318e-05,0.366009917735034
0.000137022103699608,0.984064912027655,-0.990967533039644
1.00000000001375,0.0142672510313857,-1.36079875123958
0.000467672642187859,0.49461920021229,0.272356499777486
0.999909053390033,0.000185087552120747,-0.406557083683446
-5.83506e-13,0.000447428267089799,-0.0263628190718696
0.994368731442738,0.107687221696292,4.64631807725233
0.14643476028266,-3.38742e-13,0.143158145267973
-1.396131e-12,0.612558042815624,-0.23620127199188
4.4755448e-11,2.7929017410677e-05,0.331204253768441
0.00307666206404446,0.665994140827225,1.9027195346778
0.852092625486876,0.0209504273526671,0.123927207532835
0.0297030361175654,2.9478522396e-07,2.44167482089284
0.99999981679775,4.7120945174e-08,-0.73882085176755
0.999998463049549,7.907907289387e-06,4.89558816928315
0.984279279479447,0.733698679508594,0.197075301612636
1.176977e-12,2.412925864406e-06,-0.888298077696852
0.999962067656513,0.994410374627538,1.52779485130981
0.933672354331628,0.239740642895742,2.95845946333936
0.999599179256529,0.0330620515445356,0.668277790851706
0.999999993934863,0.0861512292666452,-0.696531874037364
0.926413523143224,0.536852162280186,9.37577672092716
0.485825317944416,0.260602909026354,-1.42810738973854
7.58129376437e-07,2.6996768648e-07,-0.0639784401266631
0.249372848110356,0.0273270008388243,4.93834591495262
2.894325198954e-06,0.473280721892981,-1.2453569034887
0.999999999990259,0.925072484737134,8.50902795088246
0.999945762773803,1.2621408756e-08,0.115939930843212
1.153086571e-09,0.00957134593231305,9.45604176973523
2.80981e-13,0.000450954407772012,1.4542110528465
0.0131530741109514,7.08635107992e-06,0.599652586315193
0.999999247315355,1.81041394823e-06,0.159665973149314
0.0282692104570743,0.0154651233195645,-1.26493540456273
0.951470660253255,0.329112863797662,9.00115549500457
0.999971277107222,0.219547315348084,7.02126096724883
2.6708014e-11,1.6324930601733e-05,1.46598967239039
1.95690377e-10,-9.4632e-14,2.11744847253929
0.9975974550912,-6.9e-16,1.59601538914174
0.99999865709914,5.8461926e-11,-1.68334326335755
2.67027128e-10,0.0227830460257218,-0.167926620733818
0.00398085860204908,0.67399688490734,11.8403445235309
0.757620507727502,0.00279612248732793,3.50347195140805
0.0128888263462151,0.623733090202902,0.601613096990293
0.835835475368749,7.669819e-12,1.25903475488185
0.00508824109236414,0.114914469648364,-1.27175937079517
0.484854610628057,0.288560552381358,-0.458108559296139
0.321799282879879,1.7486377e-11,-1.59144153327801
2.075647588e-09,6.14604771912e-07,1.48936228894224
0.999950699770329,0.0297652542811925,1.75014825489647
0.99991014295045,6.521608234997e-06,-0.402420184316033
1.2205822325715e-05,0.1352248167703,6.71604799481646
0.766839108041588,0.143911731569097,0.73958992426563
0.999728026492402,0.00293206371885813,1.60228110086488
2.0599705850209e-05,1.0660057047629e-05,1.88548431879985
0.0237900520658335,0.000824233237513006,0.720937041534989
0.888235995273171,0.144525746750226,1.94790048518377
0.999539790597833,5.99703490275e-07,0.148853091159924
0.245024826689832,0.00526305704674972,10.1573861273307
0.999650335047123,0.943838649365045,9.16362282098661
3.11278809e-10,0.000302856838405345,9.48771008282929
0.00428933824767288,0.0136931704554283,1.313773836132
0.999999984870137,0.138889693223761,1.6407158854636
0.999837870824083,0.0205965478443503,0.913533166272608
0.999551662842889,6.10569117586e-07,5.24930783068717
0.999999817585554,4.9940963499e-08,1.66280482642803
0.0112060036514004,0.504663972107536,1.02786002323256
0.41627303339111,0.0756998300657485,0.683237791827931
0.999999810654291,0.00457863595020588,1.59015552716806
0.599158206177173,5.97208502e-10,3.95318468310811
0.120423460683554,0.0186213079915308,-0.465919638377972
0.14290725079904,4.94361663391e-07,4.94835317480919
0.999965400491569,0.813664853559843,0.40030880626866
0.00226045206673582,0.000313830453136909,1.05261586886735
0.00239202436531601,0.966506549460394,-1.28250867552005
0.115517146460903,0.0191345121505372,8.88556493496873
0.00526224923932122,0.00152788570263206,1.31536671659748
0.0133824395988957,0.857425380083,-0.0805258655547428
0.440430984705439,7.9397788e-11,6.84947962252748
0.999999737230938,5.3438752797e-08,-1.62661067602875
0.68782820821471,5.92931066e-10,-0.244137824550323
0.471796768450983,0.791150724618078,0.967544992718339
0.587708639878039,5.2350372864595e-05,4.7958994405156
0.996594691285477,0.171684756045242,0.727724263892125
0.999365679147408,0.0116950465318984,10.0135313902385
2.1244222053174e-05,0.972712608764065,0.63488920823032
0.999999999994488,0.000100317376191842,0.369556911640704
0.999812301051656,0.0796400419424428,0.676736242977912
0.0850346538504325,0.866424119472946,10.4817836862246
4.5233639241e-08,6.6205309048727e-05,0.388789747130239
0.214713002691043,0.00014699925882597,0.875547572078737
0.0241513999944404,0.0160389368290455,0.722931957151192
0.150483727855106,2.5237746666792e-05,-0.972484193531523
0.000483006178623989,0.00299007441461828,5.07291085780697
0.999990774742196,0.0933669900033414,-0.899853004474056
0.997869461402932,0.556398011627053,-1.13193246473563
0.00243640373593789,0.94168285668638,-1.26131703027479
4.058004e-12,2.843597894767e-06,-0.0211992832633953
0.999929280219532,0.65774271055724,-0.565667377930404
0.99999921001165,7.894022508e-09,0.462857470595379
0.978423784910693,0.973284640742877,2.39259902385678
0.327627136422525,0.000333212002635622,7.60635385873162
0.999999985708691,2.6149492e-11,-0.865471500110255
0.0354098119436698,0.009910178771181,-0.731531406387672
5.95677e-12,0.230150720290388,4.58917755179031
0.999996588812699,4.826019563437e-06,0.813213634624038
0.00106584030501101,4.08228345867e-06,-0.931414192320447
0.999905657503835,0.368147716356224,0.0506610909512152
-4.55482e-13,3.99422976e-10,-0.940280310722253
0.999389826109703,0.000376006569373244,9.34744223916247
0.478533215794036,5.48918124898e-07,0.969040086219425
6.325342585e-09,0.00618100203851546,0.105669975452659
0.611421544326799,0.403624499532889,1.32103989194036
5.4306481961229e-05,0.00602753263714799,-2.13790166422808
-1.361193e-12,2.921444885397e-06,9.33580914214294
0.144264454271,0.00112758467054881,0.495532200689136
1.06021024176e-07,0.126615700406197,4.2067084565112
0.999189506611065,1.655708894811e-06,10.2735788198864
7.666592e-12,0.0022885524151406,1.47214774027191
0.997177251501623,0.510282220205013,0.730971799779413
3.122289627e-09,0.00972793216873528,0.107336618369463
0.999611469827537,0.945923475703262,-1.53831500077043
0.999999828448398,5.7616219971e-08,-2.67486475631271
0.999874716990819,0.00221406854732242,0.942628489825792
0.974982320074573,0.00367672233452788,-2.24482512287569
0.985401065580606,0.112513834030099,5.16265493619135
0.145259431577905,0.000242347446836523,2.03569140493402
4.12460069e-09,0.00985412829202547,0.623519862849162
0.00278317498503892,0.958629189814127,-0.633131064266945
0.999995168224166,5.551117962868e-06,0.376188690179364
0.0834026708901295,0.00635084408676067,5.94835984819356
1.00000000000343,0.0142998248177666,2.82645486168112
0.152497860042099,-3.20453e-13,1.18307242109402
0.0498783279989101,0.00997868153443649,9.03379198138999
0.999999922322361,0.973838446113869,3.05110890881626
-7.49102e-13,2.240657660099e-06,0.399945182303579
0.000168918614693633,0.199734605968938,-1.50794077084821
0.999994050850321,5.775276599197e-06,2.55953192168224
0.996696847650447,0.512994281388869,-0.0350270330257704
0.0728920639705001,0.00653161316896972,11.557160833412
0.0408613203940802,3.1805251365e-07,0.094258989109155
0.961354211962524,-1.416e-15,2.96675925617812
0.999999999996577,0.000102259544105642,-1.25748847413646
0.999999998970556,1.8250918543e-08,-0.694726851194461
0.999865895267934,4.31643443537e-07,0.914404080980866
0.000117209286187601,0.204104549863372,-0.98548712193944
8.58792e-13,4.73079244e-10,0.361452342584167
0.999999999982374,3.1877410614972e-05,0.892282874912129
0.00701018539442597,0.0138923609734457,-0.922616537672287
0.0520647527611344,0.00309100366824291,-0.0506695507230113
0.101262725051366,0.00121343177667991,-1.12125353484573
0.0035685321787989,0.00811532734056653,-1.78282314483403
0.421282521389653,8.2845987e-11,0.333314083752115
0.941822587359567,0.0360800406097044,2.97515404284924
0.155091954164355,4.1450347682e-08,1.18969917752443
0.999527721393919,4.218e-15,1.03417333195768
0.633299640535469,0.404954141897086,1.86168368053586
0.998295767036715,0.00434777610370075,1.59938012026534
0.0311186318098664,0.00309474588542137,9.56459453462774
0.999980912142484,0.994954766656647,1.45199382464484
0.981474726156114,0.0647108978358653,1.47990570338648
0.333659715444002,0.587563538746502,1.70339641717004
0.220162611426737,0.0688568292234529,0.86001304375966
9.9513161489496e-05,0.548396410222095,-1.49597578499584
1.00000000000325,0.00243053674437528,-0.0442778477854738
0.00901549218546465,0.993570316444965,0.880052700493515
0.991763775804254,0.105610269781335,1.34664382782918
0.00196467046090324,0.000179419499499894,1.90988276791907
0.00256214396645522,1.1145e-14,-1.96026900902079
0.000556873662386605,3.019887550492e-06,2.66256611315225
0.999994619310214,0.523698917392659,0.543844662878809
0.673839656193509,0.00769932488764009,1.87460620920552
0.999999999983756,3.2676957718486e-05,0.435836729043803
4.48601e-13,0.00920690716049975,-0.229653322521091
0.999999675062278,0.00257066640445574,-2.63119564373831
0.559529466494466,1.781343297e-09,2.01118339667201
0.000374980009561701,0.0393097527151775,-0.057432926621556
0.999999986600569,3.2331253e-11,-2.04395634225908
0.0422616890547455,5.986255946552e-06,0.423412047593776
0.947585397021873,0.244931096543581,-1.12802399832008
0.999999998961165,1.95586079425e-07,-0.117425610300767
0.315573300356712,0.00999637062668312,-0.195039079027901
0.998431521197962,0.415424812336016,0.30755747257673
0.999999999303223,1.8640435892e-08,-0.108829333525363
0.884049896926761,0.000922046883669129,0.577603657824749
0.0867896079864722,0.0195269498983237,10.15412746782
0.949378933459336,1.9906533e-11,-0.0356960384974476
0.999990831529211,0.000478051218280275,0.395460578651724
0.0583425620482669,0.997058487529323,-0.650829059090593
0.166340222023993,2.175410517e-08,10.1677073448034
0.981968947354707,0.0607055085893812,0.694324311282002
7.786267042e-09,0.895240380050355,0.629190412825114
0.999434712981954,0.00985691616320138,0.531501455138627
0.189121995975144,0.000270293193243711,0.866746623679391
0.986710840878834,6.99463008782e-07,6.25374838398651
0.484221466278741,1.422635821453e-06,0.0740735619423531
0.0228342049927751,0.000855416967511666,0.139322410587846
0.61544204110603,4.53172655374e-07,4.83576040884631
0.000407634731214872,0.000362047380405578,5.11687091847005
2.580911983e-09,1.690178895564e-06,-0.97483693945461
0.999317517949585,0.00038488195695481,10.0509598031546
0.000903794295576388,0.0777846543009409,0.279528844700567
1.88190105e-08,0.0482156065411412,0.765774791377754
0.251686576773133,0.0277753093802508,0.498163868775599
0.999739547572712,0.00563248074912873,1.60344288091734
0.00460626514358861,0.0510740911582333,0.0611557846645333
1.00000000000249,0.709025838906433,-0.71137588177094
0.0324245182103312,0.00310543822303107,0.0959432674626543
0.999825721177297,7.520446917079e-06,-1.22762964914453
0.660035171901957,0.00782274885316381,-0.799760018561153
0.99999810456339,0.519740613869149,0.550022104851373
0.449779648067633,9.437347414e-09,2.88592045199768
1.0000000000014,0.00398330023982961,2.84824680775945
3.221709365052e-06,0.143870927452998,0.319637164846015
0.00245118951730352,0.0419974763010583,0.988210257993835
0.999903202686535,6.672282339153e-06,-0.398677374397243
0.999843563171767,2.71266572e-09,0.678691034548282
0.24717309277105,0.071145266598217,4.96042951549409
0.991482778224443,0.699343071797246,9.1289025084021
0.90947503141202,0.0568212619598201,1.62414796344794
0.00285204521579297,0.968267146050838,1.05872017408241
0.996789429753163,0.0458782150907881,1.11797179880669
0.999919789570671,1.331953891e-08,0.400827893154028
3.759338e-12,0.00939434559286558,0.420558131369511
0.999999981677337,0.0441473807915331,0.0373465818155403
0.999999515727242,1.1119910765522e-05,3.13062824759051
1.134547958987e-06,7.0575966559526e-05,9.23670282349039
1.0000000000002,0.71367432359964,1.21330556835536
9.3661305925034e-05,0.000112090616032864,-0.216008839331509
0.953798109342577,-1.55469e-13,0.0862530859580302
0.999999999729341,0.146697303326798,1.28571812606325
0.0542445303288872,0.000169159811444851,-0.644639980748797
0.999999958356975,0.867747726476348,0.906493966135576
0.982929491333157,1.1081353717e-08,-1.89475822823764
0.999999999438133,3.294735979011e-06,11.0507726715622
0.999990847227483,0.157505080869488,2.91628920319845
0.999999432845438,6.2446678763e-08,-0.206355134627032
0.999454206318382,0.00441545396167544,5.78804308916649
0.999999983315879,1.0588154285e-06,-2.03580333584098
0.972447284387584,0.000121343529241394,9.76501614104252
7.22537575168e-07,0.278251302390847,2.72725120520682
0.395915424014664,1.678406e-12,2.94004358638634
0.999999130703985,5.073844120648e-06,0.413698540200504
0.999999811704168,0.00261061210378843,-0.200893839528689
0.999972709722264,0.816912047454099,1.76274048471894
0.00612181664690227,0.0519906881293738,0.245182298355902
0.996872718383076,1.55211500327e-07,1.60102747777179
7.992154e-12,0.775290931749888,0.132073254254651
7.4221807e-11,0.000305273407033937,-0.595512519929491
0.999999991311377,0.419860232868911,1.29854753675411
1.00000000001378,0.00407265689767885,-0.706212606409998
5.9593611921778e-05,0.304374437223929,-0.34723352155581
2.20134561652e-06,0.396395968365805,1.42480418893453
0.999215924254486,0.000394658472437163,0.779581500723021
0.999868587528659,0.0300708501927959,1.7406242480651
0.148026400561153,0.00128620444389189,4.97708998211432
3.652584526e-09,0.000286588334701741,1.00111525724655
1.1775209507e-07,9.5526571709e-08,0.876713650941936
0.973427753352844,0.831885485118162,10.1445714615506
0.0765101130313123,0.00671786367222868,0.593734978019814
0.986984913734698,7.3959826154e-08,5.20766615794052
0.000105392184598624,2.0888435494e-08,0.716624323904718
2.548529614897e-06,0.88508228371127,3.066893039346
4.923244452484e-05,0.551080812114605,-0.771280037290474
0.979289511375546,0.352427453568115,0.0454236291775382
0.000422807783788103,0.21497148873286,2.1887606553078
0.000773354380058762,3.04891158972e-06,2.68156014146338
0.999974145184508,2.6820080181039e-05,1.09202803892707
0.983517183693532,0.0617159453100602,0.209312282806827
0.208693947289767,2.6156655200953e-05,1.19576963291938
0.359127608242136,0.207623577209028,1.70804492266455
0.999797243566162,0.0812740236135081,-1.2168064883857
0.999958081875601,0.820349012832399,-0.627906105207696
0.000721905826014883,0.455454424394187,2.19378683631891
2.31503867e-10,2.210287e-12,-0.0863400949790848
0.999999891585079,0.425149476856449,4.4120314033676
0.999471692117203,0.99191360105504,1.0403792246051
0.0160513836676401,2.244454074e-09,0.121193569461428
9.54676871e-10,0.000306407318345746,0.925108989551059
0.993808982445401,0.988053650986825,0.221736128516453
0.528587196491194,0.120529748742069,1.32343222540843
7.63533e-13,0.00347933740916459,-0.014871295329521
4.933508708917e-06,0.890040863827065,0.640465056947166
0.00135457119586703,5.85053088705e-07,-1.33247541904672
0.99999999999295,0.000103883163912884,0.897302785082166
3.767946036782e-06,0.3990217211193,1.43403323179257
0.999237103926726,0.628577723289872,10.0829972299451
0.999992910603859,7.7962829e-11,-1.47440602251938
0.999848951301407,3.032583618e-09,0.915177726737211
0.99999999972317,0.148566332897055,0.185515713715409
0.992045149050049,0.704302529723735,1.35249060856529
0.129382854211866,0.00125261696997625,-0.87191686732381
0.232489816564175,0.0100212359612005,3.82190077656962
1.350316604e-09,0.0312916176424935,-0.906674337427049
0.677458913945007,5.91679727e-10,-0.608203002135521
0.01618173497963,0.0114481048017798,-0.452303424377488
0.0678931465480888,0.000174182044446675,-1.45377512730254
0.283617047120019,0.000679430446671855,0.655861443291009
0.999966285834231,0.82400305675686,1.54238222126993
0.400877681432766,8.1133165e-11,0.12667843156943
0.000498369467674476,0.498793125810174,2.20514116259242
0.99911045334208,0.000946645232012381,-0.135112794313744
0.0032488001678148,0.0337586856764162,1.31706067202133
0.966029164748704,0.835912564039203,2.98416914154587
0.999831931880485,0.000642964246171789,-0.875331115402862
0.841741857876097,1.7335076369e-08,1.95937008996785
0.988432326078623,8.5668196202065e-05,0.519780249475514
4.705012842e-09,1.733358946899e-06,1.00794760330158
0.620580282153417,6.03123662e-10,-2.76378813383004
0.235537050823066,0.0281297490679363,3.16380965977957
0.736628130123625,8.812561396438e-06,1.6682707046431
0.999882204184611,0.975333636310786,0.0538134817439653
0.999999999873431,0.00854960306780917,-0.979340154801884
0.0186198577866579,0.0119472289003872,0.597120482081533
6.763581840909e-06,0.00378142392945751,3.08179555960398
0.999983457792274,3.0735993343e-08,-0.0930940482932229
0.999999989814092,3.211988e-12,-2.02891363732024
0.999255671644936,0.634660100463703,9.35680143503225
0.994862324982982,0.00741549297210888,8.02231617606348
1.00000000000717,0.718409308057657,-1.35207385267378
0.99962408682928,0.998614855727264,1.04651447797495
9.06543037e-10,-6.8311e-14,-0.16024459100561
0.999999999999146,0.0102127687709041,-1.05254468720607
0.138957024016922,5.11204550386e-07,-0.96882660905071
0.999999983360599,4.166039e-12,1.30171823973605
3.6601215286e-08,0.0898061214644608,0.595377017252761
1.33674126164e-07,0.993144253181644,-1.47582153800334
3.02410026e-10,4.575597014612e-06,-0.598909382756466
0.254176762824767,0.0100228871949352,0.144665176242556
0.296503021429252,4.750388618e-09,-0.188809831560093
0.000513600184957649,0.501508489107168,8.26646747452329
0.999988946924563,0.00331891302265075,0.0433504775873139
0.999911612948424,0.0304221805933251,0.326475809669136
0.475392094716592,0.793915701487041,0.0784011806476724
0.463560367642945,0.194657925184769,1.28013782634977
5.9001106e-11,0.000306690871679898,5.35500219178165
0.999990943130357,1.1472337e-10,-1.47246392080789
0.999663731054707,0.505246263516051,10.7799965647016
7.325655e-12,0.234772430376105,5.37477275618564
0.000184308517706168,0.0260715486228895,1.58127547391071
0.640275422831083,0.315454799565715,-0.605130756464586
7.86782462873e-07,0.281621500335874,0.977663832352338
0.00231340321114486,2.2580799639345e-05,-0.278094275039642
0.999982194059532,2.2959787095e-08,11.1591087249935
0.999997446486207,0.00249613460007075,0.585640142101028
0.975119955127476,0.000127293683260743,10.1528528118264
0.386805076163874,0.0030648722656179,-0.825341585301304
0.691668739174145,0.041124617683175,0.948720945768413
0.999999996875309,2.19430865e-07,-0.691676663183669
0.0366901353411079,8.9410311020045e-05,-0.126250939753994
0.0438831251271855,0.0166822956335336,9.04090121400866
0.999999999340753,0.599229258678518,-0.687494032001527
1.00000000002948,0.0143076303712432,-0.041524502869022
0.238216738803061,0.0284123260141477,10.1884785227618
0.0563572652439905,2.8105e-14,-0.0473666142957288
0.000202621415735211,2.23299e-13,2.18387044326019
0.939145434187664,0.250219530013904,2.99432987046115
0.999999999647126,1.2702485e-11,-0.296395717194535
1.00000000000238,0.0143199978073179,-0.702319095306544
0.000268953014769684,2.2275e-14,2.18658051283731
0.426181051598119,3.753715682e-09,0.336340745620381
0.974171264859703,-1.0315e-14,0.0478624868639556
0.304642719000553,0.00535904173404639,-0.18221250001751
0.626633704469739,0.406624913795434,0.429110951405226
0.25690589033064,0.0286450463311515,0.871173766402474
1.81459e-12,0.000456502888839557,1.45515650183051
0.998681415928442,0.557385238706933,0.788985603064778
0.53952653119786,0.265507038920391,1.32616089928079
1.112602e-12,2.41601089e-10,-0.234091162456896
1.83636551244e-07,1.1533905881255e-05,-0.263498783004825
0.340472272282462,0.00308114587018319,-1.32656084812859
0.00544901214654032,-5.297e-15,-1.75526696603575
4.041520182963e-06,0.481519583013391,0.041648991788634
0.943668660095109,0.036907351901628,0.089498748723285
2.1258106521e-08,0.000368440262809527,7.23079015528862
0.999934763929281,0.0476249960565652,1.06487581390766
0.963783971813022,0.0529725173084468,9.3889321097546
0.999999998984237,0.00146579154037161,-0.858024274438147
0.601558853048549,4.8159093905371e-05,4.70036245020378
0.999999999998478,0.000105037191908864,10.8948074821947
0.405986910705251,1.025988861e-08,0.129407021663957
5.32563e-13,0.000465169796829843,0.101600742478615
5.695412377065e-06,0.400924351996586,0.322574364118219
0.999997588427755,0.111141830837693,0.37849448152707
0.704613916278411,3.3467297266189e-05,9.05109116483814
5.14538194e-10,0.614634146160238,-0.152207513228427
0.999993475202265,0.527974207694289,0.588866473291994
0.224900619334749,0.0100070416687061,-0.963488042041935
0.0247731469029233,0.00312643066608887,4.17931940503018
2.1339234860422e-05,3.851206401624e-06,3.23317789784219
5.30539130684e-07,0.992616445202062,3.35139697877399
0.025712786526107,6.181410680594e-06,0.725119340476478
0.000245675793747228,1.22819e-13,2.18728456550022
2.1617352643e-08,0.0488384304111741,0.145913737174689
0.0162466177817358,0.0122029749693234,0.572807602923421
0.999999999023956,0.84698983413816,8.4373613252761
0.00246476330244788,0.0421767473268022,1.91661383600028
0.146858685311248,-1.89255e-13,-0.67660577188607
0.0349731069495096,9.0113242531187e-05,1.44800946410189
1.46145732e-10,-1.2732e-14,-0.474321642548412
0.999999249966671,4.99086067e-09,3.14391927289061
0.999999983609585,0.868617648838962,-0.861986571860367
0.016289872426432,2.9069353876236e-05,0.597486663680874
9.856015965e-09,0.799318279428915,1.01476405034877
8.209761744635e-06,0.290267434416999,3.28668609601983
0.48324504128726,0.960590563849284,0.757518926192634
0.483788716425834,1.501869609865e-06,0.760373722681504
0.999487478451291,0.558884367641457,-1.23716496721878
0.893389462750248,0.78217041594443,1.60599831628431
2.05349437e-10,0.00160818078849916,0.618049624090524
0.999999842261296,1.927066453182e-06,0.591564774315574
0.99988517484323,1.3975673414e-08,-2.48516860259162
0.376283626034771,0.914202853691677,7.74496335895197
0.999998274210689,0.00250325051994376,0.826370709449693
5.463044148e-08,0.0734564838552448,6.10574288298027
0.886819085124965,0.000206363689481592,-0.784459267830172
1.00000000001765,0.0143662572414929,-0.175250343406602
0.772239909988951,0.933882724408312,2.25698603214494
0.0129032877919543,0.858538630570589,-0.442569845317878
0.740964805859261,0.93026386329363,2.64679602246389
0.98591009862567,0.0051536809009529,10.7194220580041
0.999750525095771,3.38600618e-09,-1.90537289860754
0.195708254443548,4.3020509999e-08,5.00084961977686
8.9442097e-11,0.00170301881666547,5.39760056072942
0.845967901697706,1.2986389753025e-05,-0.392094659876535
0.00260697681915514,0.000318097545103441,1.38370798675715
0.999999999997846,0.926642132125243,-0.577822143502591
0.00205061583767998,0.000322918459786778,10.8094931238826
0.793561897716115,3.6921609e-08,0.744441180563082
2.8544254317009e-05,9.230596901981e-06,-1.48691848147547
0.999853956894423,2.10294e-13,0.680241508797559
0.00057023948225146,0.464457033700984,-0.533603951629583
1.8663925364787e-05,0.292044479677668,0.0285357032437003
0.999999999687434,0.0318222306735776,-0.977737519197354
0.999999999614993,0.150981675405538,1.40416985279968
0.999999999998367,1.1879517132729e-05,1.82972630952184
0.802324785864064,0.930801390801256,0.966143408620337
0.976125787421577,-2.52e-14,9.07509577211078
0.0972691447488814,0.000106566057120523,0.970995914593716
0.999858501632236,0.00570387184801272,-1.20475102406205
0.486976378307825,1.569455733841e-06,-0.456244955042831
0.995639642593378,1.73940042911e-07,6.38759740452173
0.99999999999314,0.927831379030508,0.902165560897337
3.9887124940751e-05,3.5105885032698e-05,-1.48107677604285
0.430990632938747,7.3786797e-11,0.291924021644506
2.25575268e-10,0.000306556366375521,6.60659070315586
0.344190371409242,0.591643622057001,10.1094244574088
0.992914987401975,5.394190106e-09,-1.01671684298419
0.999999999137637,0.602618968228611,3.74713675340926
0.999999999994482,0.000105642921036294,8.67817988176612
0.365407418318852,0.610532991604243,1.72356209480873
0.987835332013175,8.6663931181237e-05,9.29864264704996
0.000584392909246399,0.749287283667746,0.40688672821448
2.1657240148834e-05,0.00901900664532239,6.77863453575173
0.999999983653305,0.869812636081977,1.30443509021123
0.999999243459285,2.074592773414e-06,0.883280596395734
0.997730329704198,9.4164076e-10,-0.0340837073050865
0.0129366890237863,7.222763114188e-06,0.597854192815952
0.853411152805525,1.7812840508e-08,1.61051567667449
0.890050382347783,0.00101505885726982,1.97337947391614
0.999999999998696,0.0200771721671249,0.439574172912802
0.999999780045874,8.0589142234e-08,1.16717406908759
0.0601571417171471,4.4499e-14,-1.64454487178917
0.568039929725767,0.804788830160179,4.00842687458889
0.999989685395385,0.161640034641111,-1.46899424143034
0.999906599079368,0.000414739464660842,1.31056096087971
1.321693171858e-06,0.0431995520424427,-0.50744334105766
0.000145719507860989,-1.3343e-14,0.9542571203625
0.998792543259165,8.839e-15,1.45531570471307
0.99999884237863,0.00251159092492881,-1.29728980532097
0.999999999939301,0.92869039704875,-0.572069472759222
2.19972200576e-07,0.000753922974865378,-1.12590720306989
-4.09919e-13,0.00357472381816471,1.45532552472052
0.888206409219171,4.04025440421e-07,1.33687389881291
0.709221447107978,0.0415041250779658,1.68520401058142
0.999907421980673,0.101152573423149,1.31219944582578
0.999904543343187,0.976496150775908,-2.43414596342339
0.000223321217575651,0.0267628173313903,0.71890952124659
2.0275414164239e-05,0.344438799786623,-1.41334185549855
0.999999999999279,0.0075634390566397,10.9617863326399
0.999274253426265,1.1654e-14,0.537642494789278
0.0232028832197865,4.116494404e-09,9.60967740198533
0.998560573034956,0.00987125261078997,1.45612756806289
0.99999999211407,0.871472427435239,0.0378706791350246
0.00177252106337862,1.419739239e-09,-0.611414776877567
0.999999858042725,4.1188939e-11,1.17562312608175
0.999677127458618,0.827878220867778,0.430876687676944
0.680879699863217,0.00793330934126467,6.55519002877482
0.999999935833939,5.76164958e-10,0.909910764574812
0.00773359150119626,0.85951311266062,-1.07907408714143
0.999862507196266,0.082714366247799,-0.550725059828058
0.999999967054033,0.0446997965153545,0.671546438478477
0.999963209526082,2.4546077077e-08,0.118517737262469
0.00265951207857945,0.0423547000936394,0.685868476218901
0.368158415190168,0.771534641971849,7.88528646177322
0.855098867459042,0.000608008309965556,1.6167252816998
0.999819192854396,2.5666e-13,-0.591770578373961
0.484807278071154,0.122422365438733,0.762120128765268
0.999999999998957,1.2147637562516e-05,0.444412211451748
0.956277222885258,-2.73842e-13,5.63789586683752
0.575556472803311,5.67747953403e-07,4.05588409694582
0.00334575624122209,7.2392e-14,1.67301364811718
0.975160815411767,0.336624212205838,-0.317209929218463
6.206469e-12,0.641759310589917,5.42639067921375
0.999760958388963,0.0057895011522722,-1.90647479091561
0.000129667332147341,0.986139744883221,-0.0540654053905458
0.999899626241666,0.438536066263355,0.327647033619706
0.999888322902231,0.0308266386781131,-2.38361497063683
0.999999999062161,1.8972517973e-08,8.48457999888457
0.982363027987077,0.567206329041068,1.71923753591603
0.999978284085964,0.86493241489603,-0.623097398323437
0.999924192410287,0.375466537366452,1.55665039739873
0.647258383837052,0.32201848332874,-0.602074172469866
0.454457747945279,5.3424107e-10,0.683702281382083
6.33366282e-10,2.822207178829e-05,-0.00778671922470263
0.999870552431646,0.000423956230180474,-0.587613999594565
0.00947359775031084,0.860429395208264,2.60336034498296
0.999891493476628,0.000431898701157503,4.30731842946333
0.00156445606328507,0.0134689983302404,-1.94440162643786
0.983890610936488,0.0630347056806165,1.23476241013263
0.00444773305936963,0.00819254504679624,-1.72902265669256
0.713884185694699,3.8545769916e-08,8.51184218036645
0.259936443356137,0.00997941672333183,-0.38039875658574
1.8939096762e-08,0.00491449225165765,0.887483066609295
0.999999999999929,0.758905483791606,0.45012351419922
0.00064727359725244,0.503109272744336,2.70339553523749
0.99999115686318,0.000495954993758036,0.397835914194077
0.00565217782096906,0.681434563012024,0.0653115520308916
0.603687550696903,0.0214235061829442,4.09491750423022
0.999997683218403,8.157465472063e-06,0.385095768853908
1.00000000001128,0.0144757387892703,-0.699871991924095
0.00271862103658756,0.000328040758519857,0.994468859653896
0.00315957475860345,0.0344980864672357,-1.92990423317758
0.718547515154421,3.9280343778195e-05,8.50132370301255
0.995466964708538,0.046470851714096,9.8725697599014
0.0887790337212925,9.238409756508e-05,-0.462740352589159
0.263310851531629,0.00994572969963119,0.350772305400386
0.785479352898274,0.28444182943772,2.2972700734386
0.491736880338426,1.852858203e-09,-2.20528895388678
0.990314247567603,0.109550178057662,0.525515414976388
9.698053e-12,0.778833575903997,5.46404818543939
0.820222732872648,0.935556031528231,-0.416246927394498
3.1900957963377e-05,9.69287485376e-06,-1.47771145869832
0.999975554283717,2.7293177968434e-05,-0.618752383154571
0.999999999432514,1.9238290204e-08,-0.100654636999082
0.000356823976353803,0.0400097187509821,-0.981747555418433
0.158264631610004,0.00708502649024068,1.27380658077727
1.7637907e-11,0.00234827579225104,5.51268630499472
0.999976933111744,0.9955934650192,1.10861487901122
0.00413305524854911,0.00826841966566046,-1.70509975967649
0.992329353493776,5.612116076e-09,-1.00676732597576
1.570904391361e-06,0.579127810616241,0.0313178206060327
0.171240377768591,0.000153230689585343,0.501265837544745
1.00000000000046,0.0146777725661524,-0.698573358775854
7.45774426e-10,0.0235981475375305,6.65945503789379
0.176713602389096,3.2934906255e-08,-0.956697376223758
2.270548e-12,5.5385453e-11,-0.231965220013443
0.999996950665207,0.00252382655041587,0.417241122697906
0.99999999957113,0.0324144709255905,-0.368287474216061
-1.83846e-13,2.579062137506e-06,1.45521347464016
0.986173171363349,7.52599487235e-07,9.32013249457248
0.0154430513294991,0.000444828380255512,0.604561432999083
0.0157982767279092,0.382149292789871,-1.12315130336804
0.988741288778822,0.0103723829932737,0.800474123430425
0.999999999675477,0.153956776260323,1.29060689858816
0.000452531182747754,0.217134911634297,0.410167902498848
0.0130122208580168,0.0968534772480773,-0.437867140884052
0.99999787329319,0.00014040818773246,0.381563760702385
0.888525668781343,0.000214802654994301,5.86785328432952
0.999501873393523,1.096060802e-09,-0.524736720551599
8.2109866978e-08,0.00117097797365379,4.91447845729658
0.745215180264555,3.4247065494561e-05,2.34346925602396
0.993214783725263,0.0112080806479539,9.92356313297809
0.000680272217008438,0.555038166810345,2.2256016881872
0.828523362094463,1.0102586e-11,-0.777682782967523
4.00487122e-10,6.1576e-14,-0.143818646408719
0.00345186092836892,7.7776458764873e-05,1.31893300532763
0.999960418701918,0.000307967492022489,1.56986095613329
0.999871945517233,0.144084401217231,0.681404483074597
0.379365990166168,0.000338179753467013,0.684520232293121
1.85116388e-10,0.000191401577825477,9.52391654968459
4.731911518e-09,4.65531007615e-07,-0.355543396119997
0.1459448319609,3.5030918935e-08,5.03337150723245
-1.022758e-12,0.177387922941103,0.400153605780965
0.936063714436162,5.5364e-14,3.00616154778822
5.84007836823e-07,-4.6449e-14,-0.0606984224967367
0.0023573600738234,0.96981103344375,-1.91795149788613
0.00292410302070913,0.688070412695691,0.687923844817276
2.33692639596e-05,0.0352739670629973,10.1545439637481
0.3305801568447,0.210450974289587,-1.32016847382295
0.00012321109303355,0.00108558097701588,-1.25214991883451
0.999940354470413,0.0879869968190937,1.84651781899538
0.000543014606695383,3.096661830942e-06,8.6308836721008
1.55173488032e-07,0.128815547063719,-0.914267487418536
9.17158101975e-07,0.000261213975783392,-0.614889948085618
0.266991326747437,0.00991157619663014,0.660393772918772
0.483047790715222,0.807630551975,-2.16958978052849
0.00639262869823963,0.693986140872665,-1.19162195460246
0.00241761300354428,0.971071605704588,-0.270348316334601
0.999997749718975,0.00254262813179486,-1.66330701748028
0.0021988049300517,0.972011785357835,0.690795798323448
0.999999257050316,8.7764704888e-08,-0.791784633305365
0.999991480184764,0.000518535979949398,-0.893746560562883
0.093907301679453,5.29693643717e-07,8.93146533962234
1.4980702315e-08,0.900466470483712,0.768453538177074
0.000600903419795493,0.880579001600398,0.316111353512586
0.498756710567797,0.270127517340733,0.763204700014278
0.00247991804617765,0.0425640482002909,-1.27643425364548
0.999999973831852,0.873736762128591,0.561967408715891
0.984483951043601,8.16862611809e-07,-1.8801529246271
0.990912087934974,5.877595271e-09,-0.724330570460877
0.999999874811161,0.140425213609055,0.469225903381884
0.999967351702886,0.964595849606959,7.1215787175636
0.31877373614457,0.0288499161312145,-0.377015965108924
0.0378479466180851,0.0100802983332579,0.0973039562646749
0.0115672566470143,0.861351844589922,-1.12296256854233
0.723164845573044,4.1579060827885e-05,8.49026499436803
0.998979624755308,6.16519930112e-07,7.473720999292
0.999999984017634,5.1684143e-11,1.30676136787154
0.228977013557649,7.4485452968671e-05,1.20155002482526
0.727721694916679,0.0417841734176865,1.6893543555795
0.992618844667384,1.141040937e-07,-0.833524337450902
0.99726393824988,0.000958297534740627,1.601735218894
0.0118879300026437,0.862280017266944,-0.0755466922253752
0.270920026458871,0.00988206484618348,-1.57348359368509
0.0001112927634366,0.55296264074957,0.302661191931644
4.922806779e-09,6.11969477051e-07,0.10918727249388
0.382843611442319,0.917687621343452,0.340450513796446
0.0386683164022148,2.997216937321e-06,0.425650200750571
0.0911144314779379,0.431354202065605,8.97070865123185
0.984697979098962,0.113745082133961,1.24283318655538
0.999999907520341,0.141713482772715,0.912167791256052
0.061826190960497,0.923083085032952,1.93842920522225
0.942699435768378,3.0347135187196e-05,2.77773901666009
0.0222287938853089,0.000882671469029322,2.48771209108791
9.79626141e-10,2.8585424418741e-05,0.930412956152682
0.0335292159953134,3.38832306337e-07,-0.51594622125299
0.00668852131645245,0.116100891072389,0.255329738342478
0.989055362921349,6.218161983e-09,10.7518330512944
0.995281141299511,9.6081570863369e-05,0.233856309959987
0.0145687928299712,0.0582057992547105,-1.12436346309256
0.99999959884695,0.00320110137641304,-0.670337308834197
0.995801108185507,0.000972228800964172,6.44771981377193
0.999999261928996,8.639976568e-09,-1.60905827994352
0.999897282631673,0.446678799929381,0.057313699546855
3.64294137908e-07,0.763349759502963,1.79455368525996
0.87552298073605,0.00104729600270591,3.03521263723393
0.391193451306511,0.003088236847535,-0.816807366685536
0.915550208194843,0.000223702033248499,1.09998170023417
8.9586280703e-08,0.131016932094916,0.14719196946472
1.00000000000068,0.00415042603810793,2.86803989932228
4.175176e-12,3.20015759e-10,0.102819374654167
0.9999880508437,0.16637508298327,-1.4629959929482
0.0783178917030975,0.867063129764291,8.50076873677455
2.175070231851e-05,0.255481682000993,0.0696639150967956
0.999872969097543,1.4595598928e-08,0.916251294898031
7.0643671699146e-05,0.554205000963076,-0.765075889372083
0.968020798144484,0.000133744115984241,3.01997369381819
0.898001822112955,0.145361141286688,1.63230455400664
7.632486265786e-05,3.83658845452e-07,-2.11039866641282
1.869796207461e-06,0.402369923850252,0.0333193548269412
0.93783640035339,5.7275e-14,5.71077527817799
0.999999999800746,2.029357862e-08,-0.976412247712409
0.00993133584611033,0.993967926443204,2.61900315175927
0.983141235936875,0.570932311423815,1.7215500940455
0.00249944670329954,6.357e-15,1.92331580240026
1.00000000000287,0.387989588628288,-0.0392278312231496
0.999999805540939,0.000404792260209456,0.166390832937953
0.990003990829331,-4.368e-15,-0.657244631445765
0.0357383627096077,0.00315834039203442,0.427459312225411
1.9697819303e-08,0.00503584780110565,4.23066329111045
0.00369662252712322,0.117383240905119,-1.26873042545416
0.110567641831743,0.0198270686849802,0.0139278985708496
0.549999872764179,6.12156807529e-07,8.55214501435632
0.162014513767174,0.00690414998362363,-0.853357703285902
0.983702916513544,0.920634581179468,-1.86035608298392
0.77839633591225,4.4518675323587e-05,8.48422367701291
0.999155224979313,0.00449101921504296,10.3366334420432
0.0457271187237578,3.56438635594e-07,9.04570830804203
0.999979609623753,0.979900433598663,-0.479554331360679
0.998892448407872,0.000790081499731517,10.4075890306669
0.0121663482144819,0.864086948437414,0.598487892642235
0.292267061485788,0.0575810815703731,0.356250900401489
0.00587539426955508,0.118840413645636,-1.83666838480566
4.747656505e-09,4.79198913044e-07,-0.252303576693459
0.997361929913146,0.00803060473999647,0.964468108455297
2.63062127e-10,0.617017733759027,1.1480810160418
0.999873825484697,0.561068280741992,-0.542337027163037
0.999997238532933,5.316425361905e-06,0.556090970274542
0.999563456909437,0.506370227382147,5.28498320140097
0.999413073373159,0.00131291159109274,8.78235034569974
0.000336999252139724,0.00141946997457934,1.21981319507237
2.0732424690733e-05,0.294120550300227,0.64585026153982
0.039668151918725,6.359088379936e-06,0.0984462842713255
0.980119025988061,0.36039922375738,0.487859502091336
2.165133965593e-05,2.003059e-12,-1.39840943607213
0.0236018147705837,0.000905035521367793,0.141364809438305
0.59239468456568,6.36932047e-10,4.1248882504934
0.000528536006091842,3.175511050097e-06,0.113500370110918
0.888232560489655,0.785313967386327,-1.03979045601309
6.4261896912e-08,0.133169419693148,0.772856903511354
0.999999999603781,0.0105554311462651,1.36641169114938
0.0162286924918985,0.000351695650669517,-0.449777935187401
0.0633920129217916,3.638787143509e-06,-1.99141506756988
0.596187650480478,0.408868810566253,4.8692619266071
0.999587134194409,0.999367736199592,0.151250320307574
1.2340218758e-08,0.541109344045317,0.37368704051565
5.412403149e-09,0.00994257385056436,0.111239274972843
3.13088144e-10,2.282701e-12,0.936389308099071
1.00000000000117,0.72335330827349,-1.34475976719955
0.976790277631761,-2.0032e-14,-1.1519191092982
4.491142126e-09,2.100031429e-09,1.50061622414731
0.348005210488395,0.000342778905350125,-1.31297009815588
0.240626902972899,0.000716718883612766,0.505038752670622
6.34489009914e-07,0.0436417382625118,3.42457183445372
0.287960219367048,0.00135834501539947,-1.55558485045101
0.999999296364689,0.00266393305302033,0.175124047896671
0.999999987481625,0.876745379391877,0.0384931577423
0.99977084677967,0.00589588149557221,-2.06864427194682
0.997098327904593,0.00239501259616038,0.702441428043981
0.000981250362253285,0.00303538284692796,0.00702074167993876
0.999968562561775,0.865717020580346,0.402022844383784
2.96236927e-10,2.306714e-12,-1.26559509144695
0.999991893387286,1.9367718950762e-05,-1.90971808920969
0.605842258724532,7.02774059e-10,8.58856084806181
1.0066033092085e-05,0.296724508421536,1.89472107279767
0.986440376510219,8.90492739129e-07,1.37460754845972
8.21286368369e-07,2.0315462e-11,-0.49943896728951
0.653945856033853,8.06869511e-10,-0.241054480898163
0.887782781022281,0.788295441764358,-0.411157913256734
0.971223524504232,0.83984717216209,-0.337844886212717
0.0800851601632934,0.997837165069231,8.52256977569151
0.44510577297598,6.3883095e-11,2.94972934613982
0.999999257258575,6.790344291e-08,-2.58469251821389
0.98726324995655,8.7405135231071e-05,8.15104551069081
0.999575253719328,0.947879756979263,-1.52224374183795
0.999780189595274,2.44537150422e-07,-0.697402453492575
0.0269086341520394,0.00245662215440239,-1.26366922512739
0.999690388606771,0.949726139952429,5.31301248819007
0.0073583118250455,0.00834911300413409,0.264338968237231
0.0164128180032772,0.0587535408512438,0.0347076887263976
8.36951949976e-07,0.0109769898277067,-0.492108008515908
0.300638205249989,0.00543860834807904,0.6645481633608
0.999999997731984,1.944189034e-08,0.475159158652551
1.4462892247635e-05,0.300085216178455,3.09504700037103
0.459077726744356,0.796626257910801,-0.808190553730015
0.00476389705144546,1.39245179164e-07,-1.26701307902654
0.0195555836292794,0.0124606078007843,-0.0712384681229367
9.38435649e-10,0.000198518781996581,-0.469778406625949
0.999999947897877,6.2457158e-11,0.567567569742993
0.0128239595477933,0.951500327752428,0.0356502051243735
0.0150213443907423,0.0127184504568474,-0.432679819240164
0.0694690908159081,0.00325464759477004,-1.44186536995293
0.969750140243095,0.05398303398824,9.40658614752448
0.993514144964116,0.905504773229707,-0.0364152226778307
0.94014583804334,0.0377362723261089,9.42897824607583
0.0371931753398711,3.71190666133e-07,0.0994754802387149
0.999294919625701,1.669525907888e-06,9.36565637915343
2.63179377609e-07,0.000347193684633671,-0.257499321105912
0.351826533600126,1.9211717e-11,2.80272897960851
8.2061544693395e-05,0.000116180293605625,-2.08725484850998
0.99999568670441,0.532416203076654,-1.28959105366363
0.999908195866873,0.0888742327526369,-2.33457469969675
0.994095207495987,9.8207703876184e-05,1.41469602240436
0.999999988302367,0.142717521219232,-2.02213924840702
0.00492333969872143,0.00844078686919203,-1.26612780864618
0.995953294716402,0.000990471689026181,1.35905963709497
0.517760216348049,1.919580113e-09,1.32927680710637
6.9622e-14,5.2257265e-11,-0.22698534783941
0.999990237887545,1.70922461e-10,0.39926800342046
0.0477456515003921,9.1074836763582e-05,-1.81039051158985
0.370804804678664,0.9549829303516,10.1300222723443
6.5052964977435e-05,3.94413621049e-07,-0.758895197785404
0.0124008357787226,0.863197267221913,-0.0674370863793811
1.003303788357e-06,1.6295988113e-08,-0.485481458278071
0.99999999928092,0.849973317053721,-0.000353418903397346
0.848809426517209,1.3470719336674e-05,-0.389115073760115
0.00187146619591482,4.325814825911e-06,1.39368680071807
0.999999999622762,1.5240191e-11,1.29486356259497
5.1991004e-11,2.394689e-12,8.83514681206364
0.27503910812124,0.0203195640013755,-0.373048789816576
0.921327317630833,0.00093523923443627,0.345383271794243
0.999999992984513,0.0870946850904589,0.480330125976289
0.373471552916234,0.00309017838458452,1.71236110419777
3.603749e-11,0.0290489415266035,1.02140252162963
2.0416125639e-08,0.0495108585490858,0.682661870158869
0.999515185016774,6.17106865227e-07,0.433028090427494
0.582104306072325,6.18122590228e-07,4.75049484612981
0.99990158162299,0.978044771794252,-2.28802422606797
0.0137137035157155,0.0989409260461634,-0.582984086875907
0.996234490671213,0.0470492080750241,-2.94650777653193
0.999999999966699,0.000105910990827533,0.371845861079013
0.762022962983368,0.937464912675918,1.69386139376144
0.999964025097317,0.738956999900919,1.07117778258022
0.974684152367854,-1.8484e-14,10.1552482125913
0.998011986989719,0.00133564181351195,-0.0325415623776833
0.975168658812647,-7.583e-15,0.490639967190455
0.0233955186940791,0.854460298494481,9.71111041139297
4.4412369041663e-05,3.6156125107851e-05,-0.752562821103495
0.136289430035246,0.000107519005981818,2.06268837435364
0.990617484161419,8.7963454335671e-05,-0.717513632688266
0.880152633477429,0.000232928178957975,1.99047009137031
0.999999990552646,0.143400349453098,1.64890278990653
5.6873272e-11,0.0244464445749806,0.134639391161726
0.999999983998513,0.0173543661504779,0.0392838286871426
0.857594196031671,1.4154062623612e-05,1.26671261786387
0.999999357343826,0.00468095182175808,-2.53568381267672
0.999969882875139,0.981946144304633,1.0846472573654
0.984922707780475,9.71730225818e-07,0.019960187814878
0.00383472284822354,0.0140592906989838,1.67726357089906
0.975207243215318,9.603e-15,9.0985938580073
0.0711413130402359,3.45122917306e-06,-0.220157004295204
0.999999983332083,0.143752046747825,1.65638609942316
0.0125897171915591,7.364815301055e-06,1.12784702646482
0.994625465612525,0.98968963845396,0.682196774728249
0.999999999200979,1.963950549e-08,0.312062824596601
0.749372798275668,0.93151922170319,3.58535861798605
6.80994854511e-07,0.00550636183282694,2.7523060621036
0.977573491895449,0.00191560546621998,9.8192783432341
1.00000000002031,0.0150016886876416,-0.037509084524632
0.944775741183665,2.0505235e-11,-1.12832856799697
2.3748402606e-08,0.0502502818372983,0.373936853981861
0.999804999908953,2.65669e-13,0.91802197681971
0.0103790723060803,0.953240023508929,-1.06580280208238
0.999999978617779,0.974484589696639,0.0403125030193286
0.946066159877951,2.2396854e-11,11.6998414059495
0.362426847932824,0.95676675141011,-1.30521334773681
0.983331563754384,0.574944164084838,-0.0300760992858485
0.481154548135209,0.274397789945009,0.0825074592928622
0.999999994930767,2.4024191485754e-05,4.52993055380953
0.999990844378548,0.00339383163560049,-1.90591179733455
0.903494623859135,0.222443852643582,-1.02778619713455
0.0205171822373814,0.856092792342687,9.6588884123518
0.987546504423129,8.8424420770134e-05,6.32274113848115
0.000437660873611071,0.503939459362743,4.2645541521546
0.999999999992987,0.929312636826161,8.72931491066968
2.0319022749097e-05,0.00388491957415696,0.324857056850527
0.0166698160895616,0.00035655636280953,1.20730659078845
0.999999989071928,1.1499887038e-06,-2.01433217081146
0.999999808636133,0.00272728542672862,-0.663810734373855
2.1941982082e-08,9.4090020858101e-05,0.374204538925256
0.999984700627083,0.000310369622554238,11.282489059041
0.999894531681437,1.518510211e-08,0.328643600852762
0.999997968088483,8.456061936681e-06,2.5841399394173
0.991199700778666,6.661350505e-09,-0.558557162300743
0.999052565682217,0.608302560405152,1.45807831349401
6.1374474e-11,0.000306436101771742,0.137068190550889
2.5682645832371e-05,0.000442058660731742,5.5712508706186
0.000156203644802118,0.595551502661161,-1.10344868893588
0.999637075087952,5.6890105905442e-05,9.02150270883797
2.0207091408759e-05,0.000278829445657092,0.404092535968945
0.00115679647645113,1.566943623e-09,-0.421666034860749
0.865649251213472,0.910140926390913,1.34145851715544
0.999992376762925,0.000545160787570408,2.92895003297997
0.0360202638176252,0.00247504274374837,0.100496772922952
0.182727048794237,0.0180143147973274,3.12148923899972
0.999999999729938,0.00868172340696041,-0.362522261814747
8.784222972106e-05,3.7510154947266e-05,-0.745903617899411
0.279290729189853,0.00986218253835322,0.484509538301097
0.0171152282625752,2.9664627586278e-05,0.0363142868408405
0.999999995926242,0.00479454875705856,8.36357507642902
3.513659109551e-06,0.488767711105423,3.10587789242796
0.13311046854548,0.0851252021407054,-1.11344826623536
0.930507297935433,4.6811e-14,3.66749312253677
2.926289471e-08,0.0908323915279379,2.16206224297625
0.999954876390869,2.6439156369e-08,1.07773271782463
0.99970337884708,0.0839888367789774,-1.9075908721457
1.0000000000009,1.5094404179767e-05,-1.33838434069712
0.997473700761621,4.13064751066e-07,0.734998886241069
0.999999999973003,1.2382833431876e-05,8.51626280384975
0.485843841307853,1.996855648e-09,-0.454384503866289
0.999875845928029,0.000438023021981083,0.920886963858637
0.0141210335655181,2.445470206e-09,0.036851054734071
0.000621340490322816,0.7542161964153,10.8459032544947
0.000292420751162759,0.0406221060617784,-1.09180667266525
3.11779538125e-07,1.04181775696e-07,-2.0043444062437
0.355564084824639,2.0186886e-11,-1.1779906156723
0.48635731381832,0.810580124087516,0.764224049770964
0.105755862720442,0.000109266200226008,1.3328308424341
0.00252614222862023,0.00428382155471631,1.93041479574164
0.507623938472294,1.621900169963e-06,0.51439183380896
0.999916287858236,1.5749969619e-08,-0.395258813169828
0.695782945427342,0.932521626408216,0.749248921843408
0.000834239752378739,0.555692412346597,0.286002514743799
0.324725297370058,0.21282189387441,1.72587452439902
0.999999998450287,0.605662709430976,-0.682397540588754
7.3598280442e-08,0.64955897388295,6.1812165093741
0.149029128318593,0.000158899509530426,3.89079636845212
1.00000000000041,1.279672e-12,-0.69800661313744
8.0750903903e-07,1.682650071e-08,-0.84775995384594
0.99971596252746,7.698522675458e-06,-2.05452065486441
0.0177823056756967,0.0129748259995898,0.608398343377424
1.037642895e-09,1.40592e-13,2.14186123924215
2.3391316e-10,0.000306762377207689,1.157904083297
0.700116210090147,0.939532732759319,0.753709414816598
0.980860683446291,0.00202299497077031,-0.238465670758826
0.999999999741587,0.0107582033757766,-0.386250214063317
0.608320936733731,0.411781557490789,4.14575048507842
0.999913611784253,0.563880293344495,4.3570971656599
0.999985899326338,0.74417704305846,2.17637630270999
1.7519293532e-08,6.32822652032e-07,0.374838887079777
0.435733274333774,2.8536602586e-08,6.93038017776367
2.73545e-13,2.968526974269e-06,0.104170006596537
-4.79737e-13,0.183264537526127,0.456380970724128
0.996363141390444,4.22102000481e-07,-2.87499024584078
0.999999999970746,1.2643089306735e-05,0.373106306792681
