,x,y,z
0,0.41491169140596873,0.00017811465839957062,0.941169391070348
1,0.0184109923786959,3.522778755458807e-15,-0.24971532101095276
2,0.7751758705310885,0.10038643905403374,2.1729882269061047
3,0.9480689023735679,0.017045664885141767,-0.9458469869130071
4,0.999800513046259,0.028423309453768496,0.7293337646412412
5,0.33995617105587844,2.8159352978535796e-13,-0.22711431259514397
6,0.00010455861178566835,0.6644377113260554,8.942502754992045
7,0.002993649726939594,0.10196247002989778,1.2475538411836822
8,0.9885294148085585,0.012350806049973056,0.8176386994228895
9,0.9996273393961624,0.38875296177266166,3.674959744686004
10,0.001487216969898659,0.5083563839667148,4.443940734234415
11,0.9999999684752486,0.03418858677720235,0.3395638661380671
12,0.23852961640989298,0.5304533571350726,5.1006289317311415
13,0.43591514588400115,0.358678122922885,2.090159472156123
14,0.025715409704965376,0.9997364561925046,9.437962633641582
15,0.999979040651707,0.510402719096403,4.882209530877737
16,1.0226796902711664e-09,0.9981733306328956,10.003218134181935
17,0.6811525502926711,5.090815511109945e-07,0.9000887311606897
18,0.578482580835814,1.815276217503791e-07,-0.3064648730134499
19,0.002491204771231201,4.469740476088436e-19,-0.5796056742401825
20,0.9326641685087054,0.0004929435665348398,0.12131555726901676
21,0.999996725312375,3.7085886884523315e-09,-0.3906424654701077
22,2.3666196242860606e-08,2.4143305930997598e-14,0.3274901149941562
23,0.999999999993561,0.37053467138300605,4.688796691680794
24,0.0006061603914669669,0.0037094194055468143,1.151278697996366
25,0.9481917981331088,0.0008883345288214341,0.3883764567796109
26,0.9999771265400764,0.13513353455669094,1.1254723185746118
27,0.3533210370022839,0.0015382377773046619,0.6080762437668333
28,0.9999985696617291,0.005030641426924024,0.904075786877392
29,1.4216046301919822e-07,0.10412052677250898,0.5957491492131963
30,0.3782718548074844,1.8162897634161388e-05,-0.39054332929633573
31,0.5490208858476714,8.274956887519757e-10,0.29929038307386385
32,0.08248962908496939,0.10532544569056415,-0.1326492875634624
33,0.9326455093945278,0.00825794491721605,0.29808892175393376
34,0.22066415872470957,0.0001201051474175645,-2.4320032827126505
35,0.00039924401413520466,0.7485539893043195,10.13290271307853
36,0.0006454140053857266,0.0010523794245834535,-0.5179955124591215
37,0.9999187639650382,2.5633940555044864e-07,0.23793382318252704
38,0.9996826978874888,0.2531598766708799,2.0732270159595263
39,0.6588091314113829,2.6894015527385987e-08,-0.7019509143479546
40,8.286721244137867e-10,0.12276125764223987,1.7820750893546085
41,0.02217404986063374,0.014142727115360925,-0.712690836218504
42,0.9999999999999987,0.00438273999966416,0.6397843772505432
43,0.9997106234725547,0.002403421804431157,0.3623497443577731
44,0.0002566927865482083,5.074893956926367e-06,0.35116804390064427
45,0.9999997424323456,0.2673661169569325,5.077265293765485
46,4.729767735831945e-12,0.0007854431704950335,0.19325158708286932
47,4.492805013037434e-09,7.078907226375898e-07,-0.14876375873930822
48,0.009122775840969937,0.0006827697421705103,-0.7560882449264199
49,0.06485933351813822,0.020436638413427133,0.40171868125042953
50,0.9893637221794788,2.2258289627428913e-06,-1.3136192084775222
51,0.999999938948848,0.04894385523539083,-0.42059498525765227
52,0.9999803589021006,1.1253435192421823e-11,-0.6504535960765663
53,0.9999998827756839,6.456523736950869e-06,0.3902896079097392
54,0.00024254961535001232,1.474947060250914e-17,2.425585333238323
55,0.9999966309943141,0.00029752161545987504,0.411979490412277
56,1.5958290989047537e-05,0.005462942481554705,0.10444142063789336
57,0.9904279187988244,0.042916027795735535,0.050745203340580414
58,0.003138243558742463,3.478893499060866e-06,0.8398875573590507
59,0.7883398219210325,0.33762896389593383,4.247577585150367
60,2.651697398842118e-06,0.00026709314574653614,-0.06732049551879411
61,0.07687978447998865,0.036112913951117,1.3359256610620474
62,0.9988009521300891,1.4177254674814628e-15,-0.7676902895607636
63,0.0007254392437373328,8.79411806976733e-06,-1.1307187350494825
64,0.9978571070128873,0.00016656002334942166,-0.6096221357448885
65,0.26005936895609155,1.5522158756623402e-05,0.14989400086782576
66,0.028917751141684867,0.054590715509470755,-0.09939160188666529
67,0.7848614410268181,0.0045676618431184715,-0.1468364861012369
68,1.0900232271103829e-05,5.299160573370914e-06,1.5032846046989006
69,0.8832530496333713,0.572011376199014,4.6691952016378035
70,0.0003641831485978971,1.467768413502738e-05,-0.3900073478305362
71,0.45402813273951625,0.0647546163908629,0.42250850311407473
72,0.9782846114290962,0.0006529911872314169,0.07521971033118145
73,4.723876540379506e-06,0.0012107305765736876,2.8628858373832577
74,1.3537820772142716e-13,0.15803154199442962,1.6244676333616823
75,0.9989869197175204,0.06603686157184024,-0.15942109929073356
76,0.9841676556659219,0.3501331919705423,2.9668077262497943
77,3.843438625461023e-10,0.001616986161279667,-2.318522556847395
78,0.9984669035879902,0.1325639957525385,1.7749632560752424
79,0.9591668264729595,0.30160136632875467,5.140053295586535
80,1.7765608483504518e-06,0.03976393282868664,-0.7939867920010051
81,0.9195606938106106,0.4028299542836904,3.5703590204526545
82,0.9999999941944265,0.3394538476669774,1.983730451832219
83,9.96453847827789e-12,0.0284918207436393,1.1248234391597969
84,0.9847214362510008,3.6669702022383636e-05,1.322502580392452
85,0.99999999079259,0.6230671780628392,7.317612419608069
86,0.9905753607606107,1.1960266416611448e-07,0.9268716194584957
87,0.9999688555998923,4.445559261669948e-09,-0.8156691697170256
88,0.9999698904585761,2.2937892896469376e-11,0.16154977023097997
89,0.0076098362662109535,1.6740760864877663e-06,1.8320587385296836
90,0.9999268533468982,0.03232781272415975,1.9887791623529394
91,0.004466090707326584,3.9083620483565334e-07,-0.7295635124500786
92,0.8416212796583904,0.0028789824452818396,1.717722980208559
93,0.9999997594458166,0.3542243041447484,2.243141331816922
94,6.950145565884419e-06,0.0331205379735514,1.1663417612471827
95,1.1415098099915143e-14,1.4361017064059147e-05,-0.047351754072129944
96,0.5801979801332978,0.0006798148552863441,-0.39886578223743074
97,0.28887914249158825,0.9808307122599516,9.517277876186114
98,0.10844761591418055,0.00010942031496200584,-1.6945086716579474
99,2.2642419975198846e-16,1.0871868840152492e-17,0.8275927911951634
100,0.9999994479268433,2.88567482466244e-05,-0.41319851306312977
101,1.949114553735431e-07,0.9917964368393004,8.94217710510128
102,0.1751988704609264,0.2694310669751083,1.3539817917693149
103,0.9999967233640266,0.7889619547273384,7.542220265661713
104,0.9974707506184987,9.88846754737098e-10,-0.27558637770335104
105,0.9999999756416666,6.878903815873818e-05,-0.35052836559016093
106,0.9999423593248656,0.001013662034493913,0.6670719520185582
107,0.9294419954990056,4.7418889905506584e-05,0.5183325606261789
108,0.9968484051975414,0.9944230465529071,9.214329130048284
109,0.00031005010926186337,0.7111778774717715,6.1580707855515735
110,0.008869833546083953,0.15259595725206737,0.4590567168898678
111,0.9997584811722344,0.003360530660971986,-2.6369433424144786
112,6.336374574636786e-07,7.214986095430664e-08,-0.36040508099416635
113,0.9999999998420881,0.0004469474816414569,-0.5092149676542113
114,0.9999999739245861,0.6485975268316458,5.139281336697086
115,0.9999999999999478,0.04014948842725683,-0.3350063004957361
116,0.999885814272692,9.68230227586632e-08,1.0176829992678234
117,0.9660277860122621,0.00010992768566760099,1.1032481036477493
118,0.9999999753481218,6.212139900060513e-06,-1.3610076957021313
119,0.23112887574950586,0.023689390865385733,-0.16622744426415959
120,0.9837148931314549,1.6014591917603158e-05,-1.1557486078030732
121,0.9983384468361297,0.002585082703701064,0.33847640916017907
122,0.8319021872591981,0.32738484004941304,3.1436635344074295
123,0.19235829081812378,3.7708658718856445e-09,0.8649096386807671
124,0.9999965308466058,0.1415244699109755,1.965013968552841
125,0.9999269998027517,0.37819302838288965,4.279949420088029
126,0.00010124920882515817,6.301267378134215e-07,2.2116934297863
127,9.5824150333818e-05,0.8982618004908328,9.19048537314426
128,0.004061706451060829,0.000272282612008921,-0.47377118205249397
129,1.0,0.9891827217816874,9.939180856434051
130,0.0003026757451670921,6.355780807780409e-10,1.0704833625882826
131,0.8617296379666438,0.5812639978277487,8.005013151219455
132,0.053330790667756235,1.2165677540058651e-12,0.0863394616591515
133,0.9999997285741712,1.1367656668139684e-11,-1.4202363267033633
134,0.236512941963224,0.13168805474243936,1.69348925827516
135,0.003807820177399944,0.08487540586319164,2.68291658468277
136,0.9038186418508486,0.10845759786194391,1.9633626664660935
137,0.031317334241379516,1.459800688744526e-09,-0.6732610466818301
138,0.0012303012669368108,2.3282762253311316e-12,1.1663762140977345
139,0.011954738301319077,0.6992765786043209,6.881086581334319
140,0.7440605982279341,3.798190582357878e-07,0.673039242667427
141,0.003200172721380973,0.018929104799096777,-0.49700634559456736
142,0.0006237889689904,5.5817389895087324e-12,0.6535668105229411
143,0.9999989192616737,0.009924962796106534,1.5781640550893952
144,8.320839193581992e-10,5.577943614393756e-13,0.14533125297314348
145,4.55683880490866e-05,0.747781154954161,7.61768514771076
146,0.008004136391234078,3.9387661576122025e-10,-0.9816520044607703
147,0.07974190817058577,0.005311719671617803,0.4380390483222945
148,0.999995854897178,0.001803379563760349,-0.4842483853487756
149,1.756485386239916e-11,0.16775867044597564,0.9730589994868845
150,1.782020444441919e-10,0.0024402343548987396,0.4580510024712241
151,0.05727033595085857,0.26918450311750675,3.964072273889536
152,0.9999999831258317,3.501867352676619e-08,-2.016893072222411
153,0.6580293381296787,0.4112154816538824,2.631770268309263
154,0.12171159738595987,0.673515582832843,5.988779188394206
155,0.029940793291516662,0.00032693341057905796,1.5129933910577857
156,3.1362134143720987e-08,0.010894297611247314,-1.192785277240082
157,0.9477817902003142,9.511201364671503e-05,0.07216673730495245
158,0.20334851844067184,0.00013441353913516723,2.342146603477815
159,0.9244338420642936,7.073542890837477e-06,1.1346938107876479
160,0.9999999985520206,0.8035396001383174,7.989689092866737
161,0.9859305119966199,2.0626742809238785e-13,0.14220783075598145
162,0.9785199208648084,0.09657735593606213,1.9555274246810925
163,0.9999904259705679,2.6514815642535277e-10,-0.6091622683974265
164,2.335137028832466e-10,3.403522266793915e-11,-1.8367132941868727
165,0.9999999782025393,0.05244125826953662,0.3090890136799647
166,0.697176601158407,0.13407846972045537,2.0188498758906004
167,0.9986289646202975,0.90316970245816,9.031204417255266
168,0.5696718812483701,1.009896928397167e-16,-0.1905673970771729
169,4.250490019342065e-06,0.9928867487774163,11.688248840033848
170,0.8001775693595884,0.15691925195698603,1.9114936787831782
171,7.931570494053358e-20,2.707341659705123e-11,-1.0017072562933487
172,0.7809095921709345,0.9884601526908804,11.348813934975746
173,0.005326951696529659,0.18170954556286295,1.748269872454693
174,0.9997460222792034,0.6801961594240689,7.9019306043143365
175,0.004987913511052449,0.01061249860029607,-0.4046541677066188
176,9.909795315221754e-08,1.1719089945522278e-08,0.11883323802749679
177,0.9999993562081216,2.7052719646883774e-06,0.41410246056918537
178,0.015977972715506022,7.685481360000769e-18,-0.4944045621130007
179,0.9938921068163038,0.025132267153845922,1.8603210891526754
180,0.9423891416887661,7.0410403830365026e-12,-0.8555375577819522
181,0.9584354381950322,0.02081306555116248,-0.6595941769200215
182,0.6040817461951651,5.714502448515776e-05,1.72828898528463
183,0.5710848966946506,4.629937900355617e-05,1.0542453356109593
184,0.0002472300743504514,0.016005447819954454,-1.876082767482929
185,0.9930080456814051,8.931365339567613e-07,1.2635752090432477
186,0.3252448290790199,4.477940705204981e-11,-0.1396742596119066
187,0.14090175710629754,0.5807900685713372,5.583055338495424
188,0.17073767832976347,1.0829878634794025e-08,0.2629675618330073
189,0.9995164210928549,1.0707459077643687e-08,-0.9636714819147728
190,0.00026995171757716326,7.2028863483763e-05,0.5788571878873225
191,0.0006844762556348727,0.0009963601392913221,-2.2255197357827505
192,0.00018768981929059776,0.9923536766034629,10.629562177083207
193,9.486361069944905e-07,1.2615808616939883e-05,0.40490139243240125
194,0.06418601437614634,2.6575157243375427e-05,1.5317598585911254
195,0.9788223444335425,0.04516095833855486,0.9757282426229884
196,1.0,6.766646857061854e-05,0.7103268951098569
197,4.1283125674760045e-05,0.9009448456387915,9.243611814933482
198,4.031582402913894e-05,0.14774327412968158,3.5580063132828705
199,6.204226328193164e-06,3.444753520463539e-06,-1.4413175917930436
200,8.80707649153341e-09,4.760589576282212e-05,1.2991936686234844
201,0.011450124600758177,2.695762241191042e-10,1.0710183664787196
202,0.9952853637557725,0.06968601035767133,0.7376664202422257
203,0.0021809510728438503,0.04323445215169758,0.1674582282941831
204,0.2760942691600046,0.034554884622466024,-0.35066835604756147
205,0.997550496020196,2.5412886293717965e-06,0.20866506568038154
206,0.0040553914474024,0.016137789354648237,0.21608249781298522
207,0.999999950221635,0.0002389892211132667,0.7600150769249755
208,0.00011470071062898446,0.046057114549327684,0.6731073408514051
209,0.838149216656399,0.10464595043916329,1.087839215491069
210,0.8918424893152199,0.03920732938595776,-0.6277404823136515
211,0.9999999964900428,0.999325995086346,9.355721063736
212,0.9999999999998868,2.209064291503067e-06,3.691090976173149
213,0.8975665567700325,0.6372401383930647,6.00420265385482
214,0.9562484212956549,0.05304801044325298,0.2077662133487999
215,7.430355648692901e-11,0.8009791711446307,8.6849356708529
216,0.9995576023654079,0.6403800415036855,5.566857493716405
217,0.009945375786932083,0.9893907002970926,10.383655033302187
218,0.9999995236283403,0.9050023764673194,8.976812536279983
219,6.81232657721231e-05,1.154374868520599e-16,-0.8614806261752157
220,7.979647463214149e-06,0.006213963994263067,1.708486077694069
221,5.794658710931897e-06,0.007277104776386536,0.942431139643535
222,6.301657429092701e-16,3.3235864091455943e-06,0.6129014859469681
223,0.9997424490688716,0.14015397056189702,0.3545410018388153
224,0.580149679216135,1.194828812112582e-11,-2.309805734191329
225,0.9999999999999988,0.800478659766206,9.884969897454653
226,0.9999919869231292,3.668137952864419e-06,1.2549636502055912
227,0.9999975465339144,2.299127867364584e-18,-0.2068549826506725
228,0.6244294749345409,2.4647849935755484e-08,1.2067585611754812
229,0.00028633286928776057,0.0004042170607125098,1.4396989876049102
230,5.594125511056767e-10,1.2870370741018884e-07,0.7271527991491036
231,0.013659667029094644,0.24825013518191505,1.8865845235129504
232,0.9998782188749954,2.3730210340833646e-08,1.7715637487597196
233,0.008875064057697732,8.241056791598689e-10,-1.622720315761336
234,0.07080989899488316,0.4510899603354703,4.416075427952365
235,0.005229213495512966,0.5038197142896894,3.672036402828528
236,0.0001605994934860102,0.7930015139780906,7.983260908566148
237,9.602816134924006e-09,0.897407952507377,9.441716686018337
238,0.9908646859322272,0.06671597308854908,-0.5711466171191488
239,0.11352520899769494,0.00038580621756874626,1.1406861510000734
240,0.8887684706334434,0.005818238664505657,-0.5068253527492407
241,0.9991706790409226,6.476328785190428e-12,0.7586879819729943
242,0.001652168694071694,1.0437726328381842e-05,1.2263664758965975
243,0.6898931605682882,0.9373370658437559,8.474331226816242
244,0.006317281633289879,0.9999484729702578,7.95918867404882
245,0.9198757352324255,1.2387723233006613e-08,0.0042586062575274254
246,0.0025657082072817567,3.123341447669406e-16,-0.599849414185024
247,3.6986852052217995e-17,0.9889576907379275,9.01229780160679
248,3.153051113787574e-05,0.0033281899880719767,2.491923802819251
249,0.9998670658306575,1.2586513401568845e-06,-0.1801397661784461
250,0.9999999865400236,0.005859361518210538,-0.24952561994733685
251,0.06849933051487588,0.0002996705711564434,-0.15321217930263364
252,0.999948942862916,0.3035690394284774,2.5281695295313034
253,2.6608404788172247e-11,0.001956926184789733,0.32463605082964253
254,0.0002744672395729261,0.00016867976521644574,-1.6518923131681424
255,0.9996453105060509,0.10931821048105306,1.220545964200457
256,2.5609452802934413e-15,0.0041978157545160015,-0.9036116921425906
257,0.0006987448227661469,0.7786129029183396,8.010640885629124
258,0.939881907594733,0.945824352549712,10.802809303795605
259,0.9999999999999959,1.424729285849042e-13,0.6541810101672427
260,0.016990535995993834,0.9603919954475161,10.949496376932657
261,0.999276522488278,3.9021528535680475e-07,-0.39346934442053094
262,7.266314885471465e-09,0.9862312778925088,9.866997277486968
263,0.9994885249822186,0.0031074414600320223,-0.8713863561078287
264,0.9999462807352806,0.003403197103655531,0.608215097645614
265,0.5609499964577978,2.0538635163301804e-06,-2.7101945228152524
266,0.999999998731638,0.0208126612632188,-0.4521675543978938
267,0.003654046126063174,1.377651839890753e-15,1.0457208352939904
268,0.9501870115730124,0.6791950770421429,8.242615331041861
269,0.9999999999999375,0.00022250080740818386,-0.6377650744866221
270,0.9999538002449657,1.0003372002868225e-06,-0.4171727730516269
271,0.9999997158927209,0.0003251110974328971,1.9751381422256977
272,0.9998672713213056,1.4080742629913906e-07,0.7838201948751765
273,8.590163449913767e-05,6.401136992741915e-05,1.044779034682282
274,5.617959699601823e-06,0.0284609893621867,-0.3275020768073647
275,0.9427645980163782,0.820193539311278,8.450593239295065
276,0.4379011651914759,0.5618966612597768,3.608199189043206
277,6.918606925947688e-16,2.3950206483884643e-11,-1.2443170290943875
278,0.35169501452553437,9.013564130556195e-12,-1.0751330213413324
279,0.9965556806338902,3.087610912988369e-05,2.5037494295904232
280,2.625661247222924e-22,0.07124737744135409,0.4921043922600956
281,7.110653293523452e-05,0.8473908558654343,8.137646585770742
282,0.013254897769656996,0.8690216506352618,7.854845629031504
283,0.9999999999999999,0.00022988200775495813,-0.20015008296900721
284,3.488100333329693e-09,0.03552329631007368,0.42155104776294194
285,0.003941967683756201,0.03692224177534045,-1.0107060448452154
286,0.8064310937469281,0.00041328106873189235,-0.3426075399012527
287,4.008759542836987e-06,0.7760829770720171,7.064419158203952
288,0.3915911111654856,1.54936241503022e-07,0.1814178918909501
289,0.5560001322043006,0.536622633737121,5.0263996304191245
290,0.20183413048805912,0.35875673198387203,2.601129920098907
291,0.9999999991031596,0.4836266103460979,4.592705682118952
292,0.9999999999449007,1.4518713296088563e-08,0.0497222083378152
293,0.9999999865895958,0.002161294952076316,-0.2431062579350003
294,0.005732884758952563,0.005256854396781571,-0.6901273232463386
295,0.893004600306955,0.0001523711885660449,1.0377956603372525
296,0.0012044572742853812,0.6659610855380658,7.0576041863426076
297,0.04374410561504038,0.045703765371169935,0.8080661902246873
298,0.23374766804885924,1.1863106283912987e-06,-0.2725053256840661
299,0.7945962660875514,0.6575969278293078,6.735943555501414
300,0.7121735223512237,0.9923048056116422,11.104358986580095
301,0.997310296027561,0.011345573428209802,0.046937075492718125
302,0.9985536426648417,0.03622894026559602,0.6749620701470329
303,0.9762425409095982,0.9485731395505941,9.366161360554232
304,0.9989977721255141,0.22085950431540757,3.37661874815908
305,0.8504288676259324,0.0010849309558881408,0.5192775124681837
306,0.591593916166662,0.03382181534839275,0.9520739577956397
307,0.8212089381138581,0.5582583718324234,6.6413027426908755
308,0.14073611231123223,0.0039806258201198355,0.8736647037061201
309,1.1113076706152276e-05,0.7339381452277637,7.516273920990888
310,2.8966802799280598e-05,0.7807187792652489,7.9874603579416945
311,0.30184450381454675,0.0011845516035907447,0.9227414109799996
312,0.5014177794790436,2.192967391636143e-06,-0.5813705480228711
313,0.2842979880144748,0.025103004682478097,-0.027278532715202475
314,0.002147766357140701,1.0495662574399376e-17,0.7611527688658193
315,0.7682844693824145,6.605779640281246e-30,-0.33577296385235417
316,4.46561822692627e-13,0.07352183421707977,1.5238228182660165
317,0.9986701398796447,0.023566192419739337,1.1301755840196805
318,0.10407460602285715,0.004896749692039595,-0.5941268737329941
319,2.5597546703550932e-08,6.381200750095584e-14,1.5205041956762881
320,0.11420059219399568,0.03699131018518406,-0.6764450744341028
321,1.0,7.836503063462212e-33,-0.3730080228210196
322,5.346731551655705e-10,1.6845318879561995e-07,1.0085191828524822
323,0.9990820612201939,3.076188015535987e-10,0.31056460755162696
324,0.0011239080447548826,0.15977362525498487,0.9806689007694855
325,3.939302957330522e-06,9.66029659928269e-21,-0.18632986768907242
326,2.8579118336801652e-09,0.04482202990771972,-0.8717574422692494
327,0.00011235168587502348,1.5026189628706144e-07,0.18425842175294893
328,3.210371073892946e-07,0.25062257913426844,2.6443417653044747
329,0.9999986666161635,0.007287934294739845,0.3340517085304624
330,0.9997275949698169,0.2711724890465031,4.3048205133962725
331,0.0010524816229167853,8.346763273679666e-08,0.9378251003556117
332,0.9999761341460922,1.7655451430509272e-13,0.44879285867703184
333,0.9999999999965593,0.05348645073623226,0.9164869460766999
334,0.01680513228176756,0.43269816307783626,5.078019620645348
335,0.03714196848495381,5.317645312720801e-12,-0.9830621584473654
336,0.00014490971960327186,0.837154138997069,8.636026992667427
337,0.002074056327730764,4.3048806956601274e-07,0.5978987228690905
338,0.02247913929233226,1.1453493319346006e-22,-0.3500125909001789
339,0.9999999107952593,0.9039639606787605,8.45000401434064
340,0.9999928927935494,0.04088273353281938,-0.5513416890399764
341,0.879071366011293,0.04556408321165194,0.09026395815295851
342,0.01763142357439332,0.9782301046598119,9.291707307598898
343,0.9999988482843531,0.9917691485965116,9.319941755635961
344,0.0007193258988831962,2.84795042007333e-05,-0.23422684725190776
345,0.9992699314652603,0.0010114691311690056,-2.096488218020875
346,3.287865174209439e-05,0.00034863346298419996,0.8656449626063916
347,1.0,0.9623918698104448,9.81377207192474
348,0.9973216433215033,0.2782384701162247,2.2859542915233284
349,0.9398283889347114,0.005214426601399388,0.8445821284068922
350,0.9157292940931031,0.42888742674901165,4.747411908033387
351,0.468690628509828,5.446576127043026e-08,-1.8608276861928137
352,0.462076803598714,0.6909386530083111,7.609030666040304
353,5.645923237056556e-06,0.3373828268775509,4.034525991752815
354,0.05135531726994862,2.0129506550470263e-09,-1.3553023837033547
355,2.5033622476119965e-10,0.47821278714537263,3.685646716665744
356,0.9984202484667254,0.9972236531939513,8.45908938398066
357,1.0164430159804592e-20,0.6142776283254758,7.74230900905209
358,0.9768463210386871,0.000861541907749821,0.4155277898638817
359,0.16815079291088222,0.00038382248818883265,-0.15940044431804065
360,1.0,0.13836875625666045,1.0743756465297387
361,0.7550973842031927,2.1277623307255703e-05,-0.5393120072932559
362,0.2865292544564322,1.6341794677672805e-14,-1.4785875023135338
363,0.9908870186081912,0.0025925242980256646,-0.7714435389681914
364,0.004462144853390155,0.563080605613194,4.695546697406111
365,1.1452320650895723e-08,0.009234065089134913,1.6313602258475985
366,0.9227746631528766,5.6599707841476776e-05,-0.3549208726839171
367,3.438927938578866e-11,3.445571640245301e-14,-0.9648091481261302
368,0.8650543173442655,0.42298899849707633,4.522897031107566
369,0.9979866412236694,3.764120504191856e-19,0.45065903518467726
370,0.9999999969598823,2.3123633475005808e-05,0.13352549327507232
371,0.919348614962104,5.756656982376656e-08,0.05789035118945401
372,0.8522251504738657,0.046189074130205995,-0.48310218957379836
373,0.9709293504137539,0.046878337771880094,1.4209383582323398
374,0.019391853481730923,0.0002903762836038779,0.8565858862685694
375,3.4355144356619424e-05,0.0473871484661694,2.0907226301936315
376,3.136108526499786e-08,4.2217493683556545e-05,0.38095124400969643
377,0.0007812713014061632,2.2324812064438054e-08,-0.519445501169293
378,7.311169039802342e-06,4.605522717485057e-05,0.8236826701612706
379,0.9436421830785602,2.7703648262043866e-12,2.0054496897213725
380,0.019150686921318376,0.037138338004749014,1.1624554179935984
381,0.99992113235217,1.5395649223479527e-08,0.19751248745845434
382,0.0014153184538393789,1.999452306002349e-07,2.228878285424734
383,0.3450906055251728,0.19811708239014048,-0.32412766988353314
384,0.9999992865941429,0.05121566046850705,0.18160201439681478
385,0.9999851320194191,0.018418390722475374,-1.254961984982632
386,0.24922397370956814,9.054260086124041e-08,-0.7683576800593914
387,0.9999998669850398,0.9743844566039106,10.270022185352106
388,0.12850175820965112,8.439063027844555e-07,-0.10029413972836056
389,0.693430357735749,9.963959847729813e-10,0.18952913596420998
390,9.507806761033784e-14,0.5142266108190016,5.3133300019347605
391,0.8271283173625938,0.5270264262094047,4.804054645557514
392,0.9999978404311632,0.049239135349864877,-0.11877413490554695
393,0.6594496819379473,0.4040213538506263,5.904936336563712
394,1.0,5.762206764956922e-06,-0.8146452027045246
395,0.9570211470742591,0.6540499836618581,7.90699445443353
396,0.9999999982110888,5.166423832747121e-09,1.4596108640802585
397,0.9999999999741606,0.16871037812099093,2.9664441055563957
398,0.04133412089848857,0.2263989647558576,1.1592810825030002
399,0.9908038084257337,0.9333106995082718,9.36574813904175
400,2.619428491837514e-05,1.917048120976302e-05,-0.7416042244866426
401,0.9974872016265086,3.1406155023449115e-09,-0.28147693953867475
402,0.839720320599318,0.012093847185213065,-0.6087415172331442
403,0.0010867219861194189,0.9997897555547879,10.894695833400952
404,0.999998438791561,0.12319670631881964,1.1184337775347466
405,0.47756001777786905,0.0025625534537859784,1.454249298176671
406,0.9226211417444865,2.7105016597306058e-05,-0.2603012120599468
407,0.13100972616013706,0.01484385444234448,1.299544820505564
408,0.9634780573622707,0.0009411245467616012,-0.4243396460287253
409,0.999999999998036,0.002275592552299253,-0.3236573027794911
410,8.451576349476806e-14,0.9841845968809702,9.845949967956098
411,0.4221082536871621,3.7251797152584185e-06,0.17572602834815468
412,0.7328776001387105,8.005504875518146e-06,0.04629217619793637
413,4.593635546103225e-07,0.8232543486645908,8.785452307301364
414,0.9498690467047176,2.0871393750137955e-08,-0.9303035364200725
415,0.03979524449182884,4.602758898835592e-09,-0.33650588332496123
416,0.29011933333434164,1.1228843071742087e-07,1.027193988344153
417,0.9985663465764799,0.012472829412827846,-0.4299067896578167
418,2.466226497103868e-07,0.09397232820437874,-0.09971380155098608
419,6.427250501880954e-11,0.00029548408953770694,-0.4988344889604703
420,4.881547107770342e-11,0.8020211648804171,9.51841729666829
421,0.773134077589224,0.026695674911526256,-0.46102541609445136
422,0.6396294245237896,0.009834719365260015,0.6727572712521374
423,3.951304080879564e-08,0.8468652244069471,7.498614735498867
424,0.9999999999851368,0.05011793528769143,0.09981822680816022
425,0.9257128617992136,2.243657163069593e-06,-0.5580751970117505
426,0.039916287110633206,3.933815128772922e-14,0.140822545193518
427,0.8482969191927529,0.0002382163926068803,0.6424354091740603
428,4.0061579119162e-06,0.11462057968453813,0.9223515528997237
429,0.9999273615906031,1.1667681911173394e-10,0.20794713641500878
430,0.014809114874105361,0.6400464779767684,7.006837021975138
431,0.9996265729071007,0.00025090089532346963,-0.5949780700027067
432,0.9987734027234447,3.1404688349714286e-07,-0.8057112773071688
433,0.9999587226300568,0.012912651702804869,0.26319958065382076
434,1.1462395824814307e-07,0.5077443322697114,6.098802480333654
435,0.0017683194626090305,0.002716693749400359,1.0566688111202267
436,0.5350171652703481,8.11443394812425e-09,0.5043482152839979
437,0.23803162293500707,0.4543424951422832,3.011533986526242
438,0.9883672451548694,0.7217510155658476,6.516090458449731
439,3.041115126806689e-11,2.2728886450573473e-09,-2.1838436213935974
440,0.00031748921112370105,0.09535728187042546,2.0639524296671694
441,0.9999999997363045,5.012113372964504e-20,0.7571759345509701
442,0.9999999996358279,0.2563253340701151,2.5205567066468793
443,0.0013147254437265695,0.12944581568842686,1.5679363245989866
444,0.00013157132034917314,0.5333561820067372,6.027190378696564
445,0.9999999999952544,4.5338966987478066e-13,0.4750996254752043
446,0.8920601408507643,0.008747262818307231,2.0281678045018774
447,0.994532838672609,0.9998029488430923,10.314936839719287
448,0.9990957403562541,3.887614955940219e-05,-0.7376382231336457
449,0.8991377498620098,2.0830160370896523e-06,0.42074888068468097
450,0.49125856784974264,0.27666969223393045,2.8018772923251114
451,0.5212290509512083,1.2267787509846684e-07,0.0028265586784156135
452,0.9999995807428946,4.020933327404481e-12,-1.1782601870766916
453,0.9403936710890232,0.3575551524391898,4.558708874274808
454,0.07654482421526654,0.0036324558890351993,0.3384892716560186
455,0.00017300230092538366,0.7349126419568364,7.817385489817845
456,0.24063592048805543,0.44828983802096467,2.6031000358571834
457,0.2152912919318777,9.926561708905196e-10,0.5673176756427823
458,0.012472632197832229,2.0567174010652956e-14,1.5660788934951566
459,2.3155165685295485e-10,2.2884588922150284e-06,-0.5359977404425658
460,0.03234754406314585,0.0006090264071751254,-1.9401384810720386
461,7.801713003098443e-16,0.0016194497804855328,-0.5049024179796574
462,0.9999999999866334,0.000424644971731111,1.1507800188665018
463,0.03520606080380719,5.810441830911468e-06,-1.69699467796699
464,0.7447780879176745,1.9914350014813208e-08,1.0416907220082026
465,0.999999999988493,0.032889298738871156,-0.19687085887372868
466,2.5052219632509618e-05,0.00045986765598073217,-0.9225052788346966
467,7.8678032764334e-05,0.8279628893605366,7.467744385273755
468,0.8041547575624746,0.9350857355792624,9.712090394805557
469,0.00017390291352700632,1.4015647982712438e-07,-0.46681953288082734
470,0.018289084976780143,5.593442783728296e-08,0.5946676787588148
471,0.9999999678096021,0.6288107804865068,6.659117741714929
472,0.03310770740921046,0.000129885659392972,1.7921881666345434
473,0.9999999999793945,1.1390610864350583e-06,0.6345180972502135
474,0.9998564656701049,0.9308446416234663,10.300064697359968
475,0.9002421693958026,2.450280371535943e-19,-1.51433785967391
476,0.982832682112998,0.023289083316062796,-0.166010346754837
477,0.9958411735112465,0.004403004058389219,-0.46913848289114474
478,0.01881311544144643,0.0010167685994240186,-1.2766978745069182
479,0.9999997838546467,6.249922934369671e-08,0.25290488374373765
480,0.0001023897328990423,0.3406995613557167,2.0189371265631917
481,0.11594412749746011,0.7643669108228315,7.722630661700449
482,0.6907703840685336,0.11796579681153678,0.21091344845701054
483,0.021733249290868034,0.354162313000568,2.048811397539113
484,0.9999999999998594,5.602306513652136e-06,0.9324424498276438
485,0.9987711078793667,0.0002597128943776231,-0.9369683141538425
486,0.9590897597069881,2.804056145121362e-05,0.13620126279400768
487,0.9913423792370565,0.5125764390773115,5.491681665990748
488,0.5670989269587875,0.0008454211895493991,1.0827697171971993
489,0.9995420827820473,0.02217453888670975,1.2281270734391885
490,0.0002773762530127854,4.353364577020015e-08,-1.3162156712243935
491,0.9937047532260137,0.10665318816353433,0.7521873668275258
492,1.221052057918354e-13,0.1321294097226718,2.2152160380293417
493,0.21389085285963197,0.6686290275758341,6.307461824538114
494,0.00018321624383524718,0.0012318285225431332,-0.2195935910086641
495,0.9999999625183619,6.1432619400308645e-21,1.192819330708972
496,1.4755751768336442e-10,0.15382343370169085,2.047417259098116
497,0.6628701023848496,0.23010788712364805,2.0083781607398365
498,0.00015940856360531668,0.3083405195342594,1.995787892103055
499,0.9797308823852917,6.367048049170086e-06,1.115171112211131
500,0.8233945680910666,0.05549052403603659,1.4184433123396618
501,0.04206584544842325,0.9762676437560892,8.586894530413263
502,0.12823174072366442,0.9735903672169606,9.184614384395095
503,9.54495783890315e-05,0.002345878336360728,0.7682920910033592
504,0.9999999999842151,1.7375758855287844e-13,0.7504944785478754
505,0.3876429632994153,0.0014020696699935074,-0.4983772560482514
506,0.9636564554983856,0.00022603798521355647,0.09514004712443994
507,0.056803785996992644,0.002502493053055689,0.7963181626000957
508,0.99997644145353,1.8463281898590723e-08,0.13902692902841451
509,0.9968855759407877,0.00023000762729835075,1.9563076177742988
510,2.2309879187262918e-26,3.950642879699102e-06,2.2467893096402918
511,2.145742899157167e-06,0.014738331615654113,-0.32575625748279713
512,2.5848218436528034e-12,7.955287164993248e-05,-0.5522973708174997
513,0.002767500851664594,0.07329826062096666,-0.4699710156684259
514,3.716544202397521e-15,0.007972475344636382,0.5526374472485025
515,1.0,0.02457663702117928,-0.7926284623432535
516,0.9999999985152027,0.8727486071379656,9.367557451511558
517,0.001323396824372295,0.004355715869841904,0.07728912637335625
518,0.9999999504082017,0.00023102826000378677,-0.7270913772814354
519,1.4930632279851932e-11,0.006161971195044862,0.8049643221390863
520,0.9397402351072043,0.011191546428899121,-0.5076197674897301
521,1.3558520605010665e-12,0.4890215870346002,3.77834730809395
522,0.08723602706477136,0.0025039848002972407,1.3677077396779065
523,0.9989892121595628,2.864677448699871e-11,1.5516394071258686
524,0.999168700671007,0.11589125684770193,0.9298965214630303
525,0.9228809657687612,0.025659780520259832,1.0387880651954553
526,3.52290968923907e-07,0.990053541769031,10.246017536065452
527,1.0,0.0012696345716470886,-0.022463389941495576
528,0.8641859891475072,3.3611400812395173e-08,0.41887878377892107
529,2.6837043831794674e-09,0.00036615485742067617,0.8026975471411526
530,0.8228309776282621,0.9861975241085019,9.840491688235556
531,0.9229734742474935,0.0004300039452390571,-0.6003886730450326
532,0.11771615508085137,0.8367170145087461,8.588207395167045
533,0.999990633600827,0.0031262891838833833,-0.2610011542832303
534,6.546387548167001e-09,1.401890782468145e-13,-0.5466851636357767
535,0.035440690147371424,0.00010739184772558326,0.8999610929412315
536,8.81009957359111e-15,0.021837284962482946,-0.9653224357189201
537,1.3808271949510858e-09,0.10400928940031454,0.8462696717468255
538,0.9999990042028044,0.0895293384354008,0.3206068374059218
539,1.1032101439102266e-07,3.7924674234372865e-06,-0.44404865281541195
540,0.00011549741190683661,3.437702369388046e-05,-0.40363228504795107
541,0.0008485565077986331,3.316849155059896e-10,-0.06294520060397168
542,0.9440617108418591,0.5292117969524479,5.286313980533445
543,1.936822031975025e-13,0.9965940473016174,9.35179271226268
544,0.0013486143991513736,0.007606589184992831,-0.4575646245056946
545,4.868293745874212e-07,0.5822631671096353,5.670890357323147
546,3.017391816756851e-08,0.0001507365523180993,0.10391783221526978
547,0.9483639811915731,0.21261655607538651,3.8299985719631353
548,0.9999999999999944,3.8170869063393666e-08,-1.0946734188584284
549,1.0,0.00029620975747073357,0.18377349386161992
550,7.337862588678313e-07,1.2451819393843333e-08,0.23312113176018048
551,0.014433483240796257,0.11627906227762332,1.5023961597811655
552,0.9980354488710836,3.970760492310143e-07,0.8547135225235573
553,0.971744820018172,0.49625549225477245,5.696059982957741
554,0.5440728422171631,0.04007054673435727,1.3941526754288023
555,0.9997877434391844,0.8957980924930795,7.178722064437267
556,0.12470560891772815,0.1882854904555828,2.332473717401923
557,0.9999999997836274,0.006054416913953023,0.21527033725702494
558,2.892928709400245e-17,8.557055333729263e-05,1.4237398078811565
559,1.0,0.21565388537583072,1.788267823490541
560,3.2370885841999363e-10,1.1313951813482704e-10,0.5119908134039466
561,0.917681885677235,0.004486365658895607,-0.09614751172759081
562,0.9971620963828687,0.5466403252341853,6.295971412023659
563,0.0021862848288541556,0.4221968796012981,4.053784100575749
564,0.9943998207884386,9.059744886356724e-07,-2.7177885121510865
565,0.9999999961009389,0.39538920309661263,6.538770061122001
566,0.0020729696276304164,0.9680738066434962,9.314211633930695
567,4.01513191007209e-05,9.059163260348696e-10,0.9071633959949362
568,0.9999998772234302,0.880924435632179,8.876394150162415
569,0.7697992602293355,2.5738395026312044e-07,-0.17352206377827636
570,0.03108946103538265,0.4511267736299578,4.41729144492112
571,0.05294345698169312,0.9538324829065149,9.550604544348403
572,0.0005298546757736197,0.3598018180548819,2.6241788218371918
573,0.003761280823054884,0.4064641974111275,2.791138455488861
574,0.15009531952138405,3.611651061986675e-11,0.5893655453650021
575,0.9735878440340896,0.06660370023186851,-1.0011393235916506
576,0.9999999999784764,1.911582171331577e-08,-0.9152328312846626
577,2.6120052073743255e-15,8.797319585313422e-11,0.9527185923760473
578,0.010773896588262537,0.007256653428740817,1.976843279916763
579,0.06196851604368562,6.9236622787825935e-09,0.8702280781981739
580,0.9999999999999866,0.08748779395960328,-0.0022247129770345264
581,6.092172939898012e-09,0.0005328447616152722,-0.7672620551328937
582,3.511796067542508e-08,0.05821259675901393,1.7616303062067107
583,0.9969378319153885,0.7338458504717607,8.124995767276518
584,0.04918256795571118,2.52007297248705e-05,-0.48776466931941387
585,0.8455989855533854,1.711440599834372e-14,0.9928404665624986
586,5.0892918196386565e-05,4.256870489354814e-06,-0.5888823853951454
587,1.1855822988819557e-08,3.5149660489296478e-06,-0.036782629150317096
588,2.3540690031493953e-11,0.0001429513226589797,0.636022293619676
589,0.9999999824172544,0.00031513944071111737,0.6088714422946311
590,0.9999075591960261,0.007699634019533021,2.1100293811021156
591,0.05682909276121881,0.018779362204502395,1.2068490247815191
592,0.0007005287685300997,0.24694646674964874,2.6705084995889874
593,0.8243645999364999,0.2893585395296858,2.7022935059398923
594,0.9998095496981307,8.840524414053912e-15,-0.7091028824907781
595,0.010014859319626283,3.79355677184157e-05,-0.548354872307008
596,0.8099486479581924,0.8360363952321196,8.08579287896354
597,0.9997736352668397,1.7612770257664077e-07,-0.9210683216494856
598,1.8275676241101718e-05,0.034948583808519576,-0.22749963581904564
599,8.594954207765331e-13,0.7437964464641085,8.294872975833606
600,3.2866093269471566e-06,0.49009660638682845,3.4415852834323366
601,0.9999983512310834,1.7997339182811334e-09,-1.0457267949905913
602,0.3361934585455975,0.014766195548216739,-0.926447269994011
603,0.21276481469351946,0.29303301058578257,1.4974357693067784
604,0.00473701232350388,0.021624263687225895,1.0480019669540876
605,0.6663580406385761,0.7649837431733112,7.588100837485089
606,8.078414821702354e-18,0.07110615831076689,1.3113568644359477
607,1.5902118453612442e-06,0.007975784477254671,-0.6135355430406901
608,0.9251264963541594,0.00036097783059548417,1.285070296703259
609,5.070328550557982e-06,4.437392843585204e-12,0.1516045156749618
610,0.9078819599654244,6.0611896672754105e-27,0.018737269088165472
611,0.9737561829855755,0.011057790993334943,0.8364600433701217
612,0.9999072060146824,0.01714055000499277,-0.590570527644285
613,0.9999702315742343,0.49266650343992396,6.07432906743501
614,0.8836108531298613,0.9968159816689516,10.845225869846889
615,0.9029620229367261,8.282702528235275e-06,0.5994241870233524
616,0.38582585242547934,0.08833123198263271,1.7669063000630683
617,0.0030034958961747482,0.17576840535438626,1.5186560222302006
618,0.9999017776533735,0.058362783673929004,1.2012823373462043
619,0.003038600139404953,5.907272675647045e-07,-0.057808232962287445
620,0.0003760618059935203,0.7901723191127636,9.14592495457279
621,0.9999999998093162,1.409395207742143e-06,1.0287785658358752
622,7.840507357229828e-11,1.2876742960981503e-06,-1.172078395612989
623,0.27196399312400205,1.6036481181594053e-07,-1.715570350260112
624,0.01070224112462435,0.05058003330502983,1.5244695364837018
625,1.9273247230910923e-09,0.005602466547490459,-0.2604324907815302
626,0.034689573011356944,0.009914189501103378,0.7281236632325554
627,0.966226948604167,0.05594481909212184,0.840604388964334
628,1.0,0.11996989197033947,1.6621771370906748
629,0.9999973165613147,0.016345608781881255,0.28419880664292285
630,0.571271304945912,1.5261800563018698e-06,0.9194565269518954
631,8.741487330492722e-13,0.06331600496733289,-0.22313121864950836
632,0.9999605954824782,0.005208401001838464,-0.4214166766041035
633,0.9999999998315876,0.8514514308215231,8.419977716842624
634,0.7005285321969832,0.6983466117907241,5.267877937904947
635,0.9999773036538671,2.346469790625637e-06,-0.8123493044411921
636,0.9779713716736236,2.0825358260814523e-05,0.29536130145105355
637,5.269874888784008e-13,0.8305442501917337,6.209229885763105
638,0.9996543132137369,8.230361832847435e-10,1.2280505325499087
639,0.012412707947956403,7.895914315542123e-08,-0.3601062271943651
640,0.08566967379029812,3.4437554780977684e-05,0.0558226527943004
641,0.9807217645704956,0.14802573973924651,2.6420061556709284
642,0.020365728783061973,0.0002978578185491259,1.4071969417844497
643,8.749360590952534e-05,0.008293260611772829,0.03545773373083066
644,0.9389807812655805,0.06997986816028816,2.1420306245122047
645,0.9842114780521782,0.2753434838002023,1.4797709940917239
646,0.9635247184911238,0.07483208244812886,0.4441099003189511
647,0.9866578887289302,1.2423147679279834e-11,-1.2923372651506733
648,0.6988277525973705,0.41045210969402296,5.096149525320888
649,0.9999707606511292,4.89118067608476e-06,-0.4748348722973621
650,0.9364755278549299,0.14295370619734935,0.6489089067295806
651,0.5842598398408965,0.0002931980628990115,1.270959810621246
652,0.976627420466126,4.861905650067551e-12,-0.7446487755460058
653,3.0423972739186806e-10,0.16635347849817173,2.1045092315558125
654,0.5304658683534104,0.7016443230695136,8.609174911727902
655,0.9998924959329442,0.060729105777243594,0.8377465418016037
656,0.0035165731431584073,2.9103028362532075e-07,-0.7705673007246189
657,4.6004373998939647e-07,0.43055764468229185,4.323983509020185
658,0.998440639144544,1.6113495071127214e-07,1.7185801146310833
659,0.0021177922170867894,0.8836027458050483,9.444213430406553
660,4.632376074906169e-08,0.14222055014012425,1.5462061270541207
661,0.9999999911957496,6.934131296564961e-05,0.9737391808742093
662,0.5271828577927852,0.006482044123724462,-0.9177592161841277
663,1.336079439116001e-06,0.00798310230448089,-0.13873595348649373
664,1.0,0.6434495722799163,4.3092392782891125
665,0.9999817220275329,3.136344178315732e-11,-0.4740701956328539
666,1.961132451319264e-06,0.08712889706198451,0.5385116769107015
667,0.9999999993651417,4.882214382177256e-13,-2.0187834820761346
668,0.8214024447485648,0.012413860276590789,2.672723294309164
669,0.9999999999278462,1.506693350897274e-10,1.3438143621551384
670,0.9999999999999987,0.2326592794491548,2.1178704909035178
671,0.5449725405769884,0.008976024642665194,-1.7860632835483312
672,2.471787252811436e-05,0.4749318205065989,4.180966365929832
673,0.989648930571623,5.762139115017828e-06,0.049221564144589475
674,0.8914993942301872,0.004974067525245691,0.6098516228677116
675,0.34908669200305964,0.74967913151272,7.26219173609319
676,1.2799274616256883e-05,0.0885022933629903,1.410054226845879
677,0.9999453183600245,0.00016661459880870926,0.09774413662458559
678,0.9949766428949656,0.058909492877989224,1.6569669510617695
679,0.0897104414896944,0.05465898140079679,0.6429813398767525
680,1.2351591524809937e-09,0.1221337985837009,-0.9279326732899773
681,0.822365070155348,3.4706333300340888e-12,-0.3971620392609691
682,0.11072908955477585,7.566568679589499e-19,-1.7480746278358488
683,0.1787565574397803,0.020128060015115357,-0.6994595260989691
684,0.9970076260939075,0.00014004610782756378,0.25419505144770904
685,0.9999979823510434,0.01559446736387536,-0.35081343672610205
686,2.3685909601061323e-14,0.04431565263996882,-0.2621488218643204
687,0.000367010492434975,0.3764648872115509,5.817465914639464
688,0.27893241785162887,6.31887341118906e-05,-0.4885203697699974
689,0.6120628916440091,0.5884757116374669,5.215028395052793
690,0.011442996811626775,0.009413670357097045,-0.8349723114571926
691,0.9998449721783687,0.01367365543125912,0.04736645755659748
692,8.759030350110369e-09,0.44236491775778364,3.505129809732841
693,1.5539331444682083e-06,0.30742917414571047,2.302011215220516
694,0.9288481978579497,0.9643776103383673,11.458798302293758
695,0.8232929177568271,0.0010113092017844944,1.0827187800336606
696,0.039848865933012734,0.0011336742341269712,0.2670660951426984
697,0.00026680402100119995,0.4261021349883926,3.914564699169494
698,0.43527008503652204,8.896436848071912e-09,-0.01892450716635456
699,0.06681060446660017,1.1175863486021254e-07,-1.5836706028866958
700,1.0483607236979527e-09,0.9898507290550757,10.892440765251234
701,0.9987607130258571,0.000733650575568946,-1.839271043541698
702,3.5311238519614635e-06,0.12162144540704814,1.2916049427590455
703,0.9999999999990088,0.001401028384208297,-0.271078388595216
704,0.7483657758032873,0.018084477306885668,-0.33961337532667424
705,1.489100599028528e-06,0.08157132190123385,-0.6648354032973632
706,0.9999966771577707,0.6901142053492999,7.510901969385021
707,0.5944289931293517,0.00012582804795671773,-0.6416451747642115
708,0.9994870248342644,7.207478302328996e-06,0.7314108434289718
709,2.0836009113938225e-08,0.04366946088770541,-0.438409051927444
710,0.05831764961396974,4.168415466123717e-05,2.5294767832759977
711,0.9389463516288713,2.8202029891015576e-08,0.3923131429988538
712,7.605033059564886e-19,3.000875827945388e-10,-1.4664210265895161
713,0.9999999806325931,0.0225452750129294,1.8555434734644751
714,0.010820714955913463,1.4382673702189224e-07,0.6160406343013834
715,3.443155908272171e-05,3.992450781233523e-09,-0.09815868267811893
716,0.9999642925333557,0.18664393665934417,2.1152278065939916
717,0.2396950590260195,0.00022636109051682096,-1.3092778945525732
718,0.5091350800443409,0.7467164867454379,6.185726429831037
719,0.6805296024356922,0.000988781329844068,-0.4629342363152879
720,0.99996724729934,0.0005435334907813856,0.5533508450097754
721,0.6221863994964995,0.28184621716970143,1.8912216986392243
722,5.434478661824788e-06,0.002265664638484549,1.1675806608426509
723,1.6867882525289044e-06,7.191255156165186e-07,0.29197152689890743
724,9.458312577457366e-06,0.000412887741107542,-0.7658864151658992
725,2.774356333208916e-05,1.4775163522082387e-16,-0.07476736254978099
726,0.6555119881437053,0.010244050251219675,3.5981319815070743
727,1.8010524698250757e-10,0.0009249203732914191,1.8492714889856705
728,0.08689933465753896,0.002459064263934756,1.7317183512766328
729,0.6511897218244244,0.0062199956455694675,1.3803068960747293
730,4.30473694982127e-18,0.06707498561890876,0.5166348953615015
731,0.9996408106529099,0.7303151562975557,7.174678766902213
732,0.9998322301767238,0.224404152652443,2.5256227967300355
733,0.6636460969711152,0.04671003359777143,0.05034708202785254
734,0.010188790139254712,1.0966374268701002e-05,-0.8944296314628377
735,0.0005188650099572844,0.9576540993076955,8.817019847583065
736,8.531128315978785e-06,2.775328838992215e-09,-0.6846400521729291
737,0.12095000772150555,0.61496748054777,6.164297308359901
738,1.0,0.06587418165706505,0.5610705083282064
739,0.9999461541200285,0.004417697971121329,-0.1523651258323958
740,0.7659491676792698,0.6173170694025089,3.8160705007628546
741,0.6238390851409542,0.06160633707043268,-0.2394180200471312
742,0.9998356114149475,2.6962421020355237e-05,1.9012920143361152
743,0.1811209175769558,3.0458840015879533e-06,0.548985081932989
744,0.2998245516834328,0.9613580329335117,8.441665975783021
745,0.021679749061074855,3.6019920821834316e-06,-0.007738424958891494
746,0.9999998582455556,0.14070973877047413,1.6936533336674877
747,5.110112375411163e-08,2.692338429852737e-07,0.4550683262098388
748,5.672146317885557e-20,0.14893411947020446,1.5874558431628172
749,0.5533293083230261,0.8517710268627932,9.157794223415825
750,0.9961585871862969,0.0010711131917007226,-0.06334560196529154
751,8.657119153118238e-07,0.6315201059263289,5.506871956023596
752,0.012053268680925351,9.389235307902784e-05,-0.9873028621797947
753,0.594342604781501,0.3384616682580104,3.0483443030457744
754,0.9977879692721061,1.9735513863303898e-05,-1.353077063059923
755,0.0001154323532697505,0.7041708729001793,6.617367669938326
756,0.0002395801226012777,0.0007314495756521548,-0.5665223811349014
757,0.6833618012338691,3.5607387377912465e-14,-1.2538755842394786
758,0.999908693678639,0.174829354627674,0.7894953289620651
759,0.9969438795032434,0.9932565022770375,9.33764185918491
760,0.9999999998726432,0.00010124303965775788,-0.5645374521125271
761,0.999999945015064,0.028634991268143957,1.033306267745717
762,0.9999999999884186,2.751548961900732e-08,0.654478845492875
763,3.513646902960219e-07,0.004286840006945296,-0.747484254664698
764,2.0938224140750963e-07,0.00014564447255060897,-0.045484869055782605
765,6.634603310210133e-05,0.7759582591974643,5.4166360612961775
766,1.0,4.270771318575593e-06,1.7674003112699015
767,0.0049224375865353056,0.0013348293568743585,-1.4128867215423342
768,0.0071371797076346735,6.418880961604322e-11,1.4837167647079448
769,0.8358137237558038,0.06804991778434955,0.5561220186954506
770,0.6142091306035001,0.3079335990816298,2.257023729174184
771,0.9999999125552107,1.4317430182683629e-06,-1.1726782052242795
772,0.00454317672307126,0.9441887541006689,9.68637054721656
773,5.851513924986681e-07,2.3671041763329605e-09,0.31425908961181764
774,0.9984919820132004,0.001680189321701973,0.24396657936617694
775,0.9999999999134195,0.16208293660776818,1.2509637813085346
776,0.27623304823073214,8.688267011935073e-05,0.5201390699181989
777,0.010296156352362716,0.0654052796495822,-1.2721669929629082
778,0.46273694861265335,0.008500613414533169,1.3415174678246253
779,0.9999601028456703,0.9308244639401067,10.607797581918549
780,0.010277331429994188,0.3516279176720155,3.8238517894349418
781,0.0007542737353943255,0.001962896141124823,1.0699531859636273
782,0.9999999823229169,4.544646664110397e-05,2.4407777264497104
783,0.9922341846467596,0.0019288833659829978,-0.34006436541367585
784,0.9462203537014423,0.00016156177660846656,-0.27536307294679935
785,0.9983061559079633,7.476080841180226e-12,1.5503014330960923
786,0.9999960815933353,0.00018739256711244398,0.8332857498717939
787,0.7324958338366409,0.28808174997834957,3.531865065585705
788,0.9015047740025248,1.775309946821687e-05,1.3508854124639884
789,4.5076766197235956e-07,0.00010361182180361937,0.7320835809306642
790,7.00033790280993e-08,7.974866973193622e-15,-0.9568366732098155
791,0.0028893040569725574,0.8817546587447224,8.654719255375841
792,0.06866947193014335,9.708002764034857e-10,0.2147996078615989
793,0.9999999797590055,0.0022044678722895864,-0.10095828410326532
794,0.9501195850899835,1.6943659182545985e-16,0.9701863752684434
795,1.7988598878298594e-05,0.04627724167678145,0.4301826612937715
796,0.999999999999999,3.880735305401939e-08,1.7414484882322179
797,0.012506383644700586,1.3841242039262353e-08,0.5473239722309119
798,3.03762340885578e-08,6.074993921116881e-08,0.465933439961153
799,0.9862822051330703,2.995426126919678e-13,2.3347318678658957
800,5.11629039669444e-07,0.0005767740062411911,0.04445763363731673
801,0.004679232104388591,4.711926668378271e-15,0.6008121748998166
802,0.9999753356663132,0.39312489957713964,2.5441284926111605
803,0.00887498793637156,0.13045913308080906,1.8626363310159335
804,0.002176091462039939,0.4271305463068543,4.323490756687094
805,8.639651915643417e-13,0.00029079937748698693,0.008096410528230598
806,7.968361100445356e-07,0.04853639700529119,1.3228362049741338
807,0.9999725829804561,1.360771975320083e-10,-0.08094337236356963
808,0.9519561994524951,6.726741980601225e-05,-0.15760510108380024
809,9.087139424910068e-06,2.2247531833211701e-07,-0.5379281872083473
810,0.010462572539660509,0.9225332375957274,8.075023395060427
811,0.999999995362049,1.3793473986984098e-08,-1.2032991586822435
812,0.9999765859243696,2.132936774998503e-12,1.8371395726198807
813,0.9951413373862018,0.30329303439744454,0.784894880227307
814,0.989509606891334,0.005845641463102922,-1.0309707606217253
815,0.9465982534798932,6.701591366013851e-05,0.320763413943952
816,9.081451860420445e-09,0.00017140335953785087,0.48561390599757337
817,2.254379710872195e-05,0.7876277551279891,6.05627041117621
818,0.9049922959138568,0.0023598884654452076,-0.6159370303285336
819,0.9568668929799069,0.001740484035637671,1.7052429602850203
820,0.9999999997454432,0.6496804607258299,7.445601850969757
821,0.9999916901241566,0.9949791412442559,10.557606258903219
822,0.18659423059050204,0.011597589109537692,0.07583681518401694
823,0.1681128972216038,2.3415565631711064e-06,-0.25086436583972127
824,6.855237072008224e-05,0.028547424387106054,-2.337785351779706
825,2.907483316015779e-05,0.46017211515780676,4.219267236246023
826,0.15772254579604805,0.17225521261539303,2.0654847870275668
827,0.0009689825672419576,2.933660786329247e-06,-0.48215526178708007
828,0.021969598255121753,0.026931795507415632,0.44295738654932765
829,0.018855914376481025,5.655618646744023e-05,-0.7995181140621315
830,1.2720279334001053e-07,8.692406611315632e-15,-0.09071931210170446
831,0.9999998613524821,0.9646906219257625,8.993101075709967
832,0.9999459612436482,0.0008845832013947513,1.302587824850651
833,0.9805031400598951,0.010463512566868024,0.46169206786722794
834,1.1430420545813775e-07,0.005081987508271958,-1.0356055997867406
835,0.06906362178040065,0.004245048585193688,-0.5296451921636287
836,0.881680762775922,5.178912725660036e-05,-0.41033388350310246
837,0.9677613396162553,1.5806913248573034e-08,0.6487697719698329
838,1.184946918246289e-12,4.143276475962917e-10,-2.1174680252115614
839,0.08655434471962736,7.106959722557545e-11,-1.055502977066085
840,0.9115047586301639,6.512027711078137e-05,-1.0694503471401904
841,0.950323600487504,2.519419128494473e-08,-0.8172937754237676
842,0.3409493854238004,0.07753416387008888,2.011360076596362
843,0.983759404009378,0.2001891283539035,1.6761380622090258
844,0.9999995205716532,0.01696105599251028,-0.2091074638870209
845,0.9999999999999998,0.3181384444954916,2.1770794821123944
846,0.5787007199811466,0.00200714702424719,1.0347113930627923
847,1.0290789627862486e-05,0.11575815399198762,2.8237829360936875
848,9.31341336845342e-06,2.812530277233266e-05,0.23427514006488342
849,0.979693799447054,0.02905880985318582,-0.4726175721321574
850,0.013507553767419234,1.154867835098664e-06,0.6457459552773273
851,2.2456273315461247e-17,0.3933680862854457,4.009865242494667
852,0.95003676453581,0.24764480378904968,1.657539327392399
853,0.0005353021275169975,0.2732533732183365,1.6484044250864842
854,0.999999997945481,0.026393266438565065,1.0475220031428614
855,0.007407999551581813,0.003532202036804473,-0.6918141822897043
856,0.8793132336029679,0.0415858997414967,2.724681195052978
857,0.9999996321354908,0.00011049032273535944,1.0041961069796532
858,0.9999999999999994,3.4679408335407783e-16,0.36849583015850657
859,0.00015666776908441967,0.0008517600212340206,-0.6352944803515147
860,0.9304461549752902,0.00017048057548733382,-0.7099549769221648
861,2.5829819289594512e-08,0.13393305371001107,0.5793226502017476
862,1.3793229265822095e-08,0.0121725649560026,2.1758723362364605
863,0.9999999678319833,0.998510081879337,10.180198525537087
864,0.9923421408488283,2.168356723747838e-22,-0.9823989902576338
865,0.9973183685025921,0.17275501996751574,1.2494360178912571
866,0.8321994486997008,7.124240732810475e-09,-0.17232458687937893
867,0.8464529717593976,0.31514539079896003,3.0342770129726753
868,2.92642931096624e-11,0.05174353896288766,1.6406984064775467
869,2.7965667939436966e-05,0.0009379788604845739,1.2410703226332098
870,0.0005585721085539411,0.0006254240804472157,-0.5291171545508557
871,0.9979170287140627,9.42133039666774e-09,0.9433610512089171
872,0.904362545425505,7.905412401517063e-07,-0.24720769703647977
873,3.0089952307280275e-06,3.957911414142676e-06,0.09326568587097672
874,0.9999999999797446,0.015031729612206895,-0.6045657553322066
875,7.839820088698937e-15,0.9139799564414811,10.996538731183257
876,0.007963287699604514,0.7687891018531576,9.258157236810053
877,1.0,1.6650940318267097e-05,-0.9472523059145631
878,0.9999999998746286,0.22637658666767788,2.624558013292446
879,0.999999999319449,9.93543843286132e-05,-1.9156055186133831
880,0.9955170817286458,1.51391302405726e-17,-0.8444105645180255
881,0.9999999995316579,0.7421314628204961,8.045291213481768
882,0.999999990869728,0.012767985647822342,0.7227441692442563
883,0.9994697840723304,1.2959205912682379e-11,2.0900128429162756
884,6.946884517616281e-05,0.0054246314477635685,0.48307045551496836
885,0.00010426823481697001,0.8152424822729059,7.717711954936624
886,0.9999999266821029,0.9830528134084638,10.931113250994944
887,0.9638097413456168,2.400585905961555e-10,2.5954030400370085
888,0.10043941702107345,0.1734648668238947,0.8553230665584582
889,0.9858456881639203,1.6970790121503412e-16,-0.3084470526648778
890,0.9818574320388975,0.06935869957658042,2.3269612384701097
891,1.0,0.04013121813183981,0.5514728804393831
892,0.9999999999999699,0.00011114771537539901,-1.0054416985040266
893,0.06389205948246217,0.465893553654695,4.639640671418959
894,0.9999962575146853,0.000344813690335257,0.10288299314781303
895,0.9999999994723453,1.5100040306422975e-05,-0.6386295813754591
896,0.12918913035824486,2.440684208242736e-10,-1.8402680816925543
897,0.03365069521387726,6.65105128619791e-14,-0.43000541498264216
898,8.530064181326452e-11,0.0890735627667017,0.8917730439631576
899,0.100952899479703,1.2255158302954759e-11,-1.2514010518474867
900,0.09100379646998548,0.0003354997434403101,0.7451452841098452
901,0.9999993210012768,0.9155032075123914,8.27852608275142
902,0.001430552747990479,0.00014537971391321897,-0.32764634884492855
903,0.10179878196914198,4.559413422828714e-08,-0.0709097585213564
904,5.26979065144805e-06,0.06923219734137993,-0.4828890878225587
905,0.9999998329864717,0.0009501568763404563,-0.9985730020805994
906,0.014197454919983803,0.0023299540503248007,-1.360878385900028
907,0.9998307234016817,3.0671536570848965e-07,0.26200374592876535
908,0.004413645629119424,1.4067721956721027e-05,2.3893894074397526
909,2.158401921312857e-05,0.036208120972239854,-0.23063707241909925
910,0.9999997453665971,2.4120565643625544e-11,0.07017946852801737
911,0.006194902678437297,6.670399845829951e-15,0.7078440920883379
912,0.6609082507804608,4.44342869822233e-06,-1.3410649170037725
913,0.4304128737179134,0.1514829260139142,0.45108294161222373
914,0.9942449939531084,0.9955555106845688,9.639863719529474
915,0.00472052847778844,0.015328170814401737,-0.07374597091149379
916,0.8035555718894893,5.1108800718431335e-09,1.3414205123857408
917,0.9999838661137974,1.1938269888976978e-05,-0.4194024003920209
918,0.9999947736131317,0.0018233712202963422,-1.927201493426189
919,3.152606268494723e-05,4.657729899521986e-16,0.2984977602268991
920,0.9999969499514988,0.0003082237267579873,-0.7591653307635879
921,5.4193358481465945e-22,0.06917758849664446,0.44820863101790653
922,0.9874076769813667,0.0025277800282740666,1.6018935673228796
923,0.9999989890373058,6.012189692395613e-06,1.761056540179959
924,8.034639209737592e-11,1.063636960822811e-12,-2.3711698811516193
925,0.9953237423203384,0.0018672595037355505,-0.3714883794838489
926,0.5423150350984887,0.15557568205182712,2.559755875206201
927,0.9994848094814869,3.4827746426777694e-08,-0.6071343169022688
928,0.9998596123885715,0.991407523007143,10.418158433102517
929,0.3285861977781911,0.5482362102913018,6.12322525931984
930,0.9999999998919326,0.0003615436086786369,1.2724967765826274
931,0.9907350385195683,8.169149830330549e-06,0.2582884728765917
932,0.1779891008633306,0.007081521636099737,-0.12907079817427158
933,0.9998611092686567,0.40197310040548817,4.947672713375221
934,0.050494209741920676,0.3898938669718318,4.560057542102342
935,0.9954467813967146,0.00038187825037454693,0.6404482318145173
936,0.025309117614982304,0.0013992319597543408,1.713616197866281
937,0.04151119794533705,0.2765993039100069,3.3264629581794
938,0.9156028189412101,7.673037538860897e-12,-1.01059050985522
939,2.8779814647693508e-08,3.1234725099995726e-13,2.4622687413647633
940,0.9999999999662228,0.013732542535797868,-1.2296750240430616
941,7.136623081530717e-05,1.401741008158103e-07,1.0264718471458336
942,0.9999987688666302,0.18533776267797167,1.8146991560512398
943,0.9758711639290858,2.0330062678679954e-12,-0.8299665376511732
944,2.0865054959723637e-06,8.1847669434547e-07,0.233524622303
945,0.00025609998767198665,0.006090730325654417,0.6846658499034517
946,0.37207329742812456,0.7809315361509895,7.277751856686368
947,0.9892802837890018,0.0002475927547280439,-1.1619726128355776
948,0.9946403630080762,0.00500211794461253,-1.0381525303793875
949,0.6049835549509558,2.544002117963621e-07,0.31043139434276135
950,4.241671259178742e-05,1.199448333208246e-05,-0.5003604177849902
951,0.9897028182466041,6.992583393138427e-05,-0.878271875885037
952,1.0,1.509337715295674e-10,-0.6032000241511198
953,5.654866371429162e-08,2.217812314946761e-07,-0.2878117638822267
954,0.9999066028429914,0.00023383547238329342,-0.34442188283040887
955,6.070565492022051e-05,0.011240987729989224,-0.6610076197844376
956,2.1811802534018883e-14,0.06531120469157911,0.9737605225986193
957,0.9958892456000317,3.7204998501705737e-06,0.4675742879380023
958,0.00256817226511172,0.5129013535872522,5.4983584571378685
959,0.9999999999907705,7.654938477687884e-12,0.07703988272319047
960,0.9999999996525211,0.12986531630112927,0.3929209720992327
961,0.012227134982063183,2.6458707673071535e-17,0.065092095413977
962,0.0535508622234665,0.9999056137594658,7.709822523197332
963,0.9999998785964884,8.15455860710211e-09,-0.11105150483563138
964,0.030338255892166106,0.2625562285561624,3.654264930925124
965,0.019721237080358126,7.386334451010046e-06,0.5792757263790448
966,0.34964008255318535,0.1987530293895341,2.9118146780930028
967,0.15178489913030382,7.2406823304436356e-12,-1.378461272145588
968,1.321771180793948e-10,0.3244330401885162,2.8671774943279944
969,2.6653586904076574e-07,0.0022408316067137855,0.6094530438113724
970,0.6989810091030438,0.6339596482760522,5.570555204953842
971,0.0009845693488119782,0.6449417990028328,5.626690636615097
972,2.042049911286083e-09,0.03662140788543701,-1.072237745672426
973,0.9911369084374182,0.7184886853410752,5.797874419474449
974,0.9958352131371406,0.0295987096942474,-1.062424364467153
975,0.9999999662025362,0.07040757745756625,-0.25255375582434225
976,0.9525860746525969,8.022895227247562e-42,-1.0018278489196535
977,0.9999941767994543,2.5838131518370885e-09,-0.5745973131275497
978,4.084974770359316e-07,5.2056442776508354e-05,0.8983362363795087
979,0.16178348652947971,0.0009689661549685168,1.277354429366681
980,0.9998266750160628,0.4179718116629141,3.0309026058507627
981,0.0008933500428142253,0.4867693798666141,5.451329095595373
982,1.8385308820423142e-19,0.03185487516367581,0.24452821565874855
983,0.06057153106509315,0.028191431787641136,-0.1465833920576159
984,0.30554057851902405,0.9875171538333948,8.200029145966726
985,0.25869270729899074,0.8757517794518979,9.28968017576626
986,0.9999999997617096,0.003374329624180528,0.06967051470215047
987,0.9998108796171535,3.061776298693228e-05,0.5464639878964659
988,0.014147236712885864,0.20117963760464608,2.436065524758725
989,0.860549655121398,0.0634828801413231,0.45873512508289804
990,6.394765610812328e-05,0.7968681619826422,8.41222642135321
991,0.897877201490746,0.19732637944484963,1.3955866292422887
992,3.824181553827038e-11,0.0040513896294928665,-0.7678027348102497
993,0.49625568637876205,3.3797811570320325e-08,0.6094558691360417
994,0.6321342719085927,4.065170249904434e-08,-1.7899431200773661
995,0.9777811659500671,0.8999820458646209,7.168180326545812
996,0.10024194413934723,4.036485923094397e-25,-0.7736054015806281
997,0.9999999999999996,0.9873088545259611,8.485414444377973
998,0.9999977961350935,0.7991779100288251,8.815165642434785
999,0.22611236754093095,0.8736590692576711,8.785887355620236
