x,y,z
0.9999998843014235,5.472269572720341e-10,-1.5901418252080284
0.0028426214025726107,0.9404425278641014,8.739774181138952
0.2256598667307423,0.7853140664103613,6.950331737140813
0.9999999999837379,0.06509458127431265,1.4602105109851125
2.9377001097929273e-11,0.6310061700446086,6.42689187461827
0.999997295982541,0.17011519435985284,0.4155609428425009
0.9998812008679562,0.04296740962867458,1.309740059244088
0.47307563298550126,1.4309389557732303e-09,-1.433805809619025
0.9286719154152644,0.25152119524388317,2.8453257429097754
0.9953434415652075,0.007824867639851926,-0.7357619928930365
0.11320263312414164,0.04697944405017642,0.10411735797124433
0.11638320568443726,6.857609762317336e-10,0.5042707548959938
0.9999104216474818,0.0014100687884451121,0.5355500869439801
0.9992270795611518,0.012368293272809147,1.4606520062840518
0.9998865103934214,0.44231080787692,4.340854379097747
1.3473547259841563e-11,0.002272943896285875,0.3291803019261994
9.714771836561983e-09,0.21499111945270105,1.7121738721226858
0.8888638322893573,0.0010292788885201268,0.1922826715079989
0.7893898695592072,0.002523214118722083,0.46471818919573255
0.9999826266872841,9.382665779706942e-07,-0.0983004647885963
0.05681394308958904,0.00660972092435487,-1.7376532748489475
0.4040398009045703,3.3910423500379815e-09,0.33147093024131885
0.004701772835649931,0.8645645710377934,9.010207187733391
0.9999994425086614,8.881051911333387e-08,-0.6801725882427597
0.9545971647046171,0.005996989911872752,-1.2244171369537868
0.9805786350365427,4.193608592178977e-05,1.4762985113631832
1.0,0.02013859954073515,0.6928315063017536
0.9999999999999195,0.0003438315437447231,-0.22564271548426246
0.9661656545935111,0.0008770861746144514,-1.1282620214013428
0.9999844054128807,3.49233486787019e-06,-0.8217799050726672
0.9999999994392795,0.6008933179600026,7.311523576386257
1.2406855182992425e-09,0.9863116293293667,10.000778234161713
0.09230879642264027,0.0002765368296337005,-0.5478216987043696
0.0006412252694297907,6.257402698155519e-05,0.5103149714944717
0.4628690636882634,2.3784614402979813e-07,-0.8143958089848835
0.8465969442608902,2.098210578472416e-13,1.5008430302824767
0.988047798365802,1.2233167562919553e-07,1.3528017582134815
0.9999951087937805,5.675843924986117e-05,-0.466006486810278
0.9999810998103228,1.3390459566413203e-05,-0.6285363424351963
0.14443880148982385,3.3284167241844456e-08,-2.6181328658506073
0.9999976086569795,0.11221868875628989,-0.35939388398846916
2.224015381585749e-07,9.384098958562016e-08,-1.3394688365478604
0.999999999999826,0.8477474569273722,8.612664910261108
0.9995284368980139,0.6026263566026036,5.700029861584675
0.0013152394318475306,4.133557790536774e-06,-1.345294151837336
0.03301803358099468,0.015520686972120834,-0.12595717274334894
1.7570901416215798e-08,3.7880573108575515e-06,0.5053750282204571
0.9999999997898849,1.1243676849554018e-11,0.5278393500280238
0.9806450957686814,8.541388731147821e-25,-1.8996702808588812
0.9999892190988485,0.1514470376564859,1.3862068960810283
0.0003099220673708432,0.012979500133426641,-1.253545775637344
0.9999999999998489,7.738665555321276e-08,0.9017294710068294
0.9871333742904258,9.865143252520418e-05,0.7851329306787506
0.7680737198281135,0.25869751806076313,1.688947954283173
0.07001963767104091,3.464927063503685e-16,-0.7660452024003964
0.996553265469688,0.00015599381728252987,-0.45970711232548195
0.9997072595258291,0.016926352878612234,-2.083529865945217
1.0484497828935635e-07,0.0037078315478105937,0.37304648891868253
0.0029319366315564764,2.9198864034534194e-10,-0.27284454342024433
0.07262245049574255,0.7543585668490507,8.513760751058365
0.8293117189505638,0.005210916200040398,-1.0463000559621487
0.03536261980369799,0.010071318972951389,-0.5184097585204177
1.0,0.014490786507477283,-1.3616173929643425
0.901711102962701,2.6318123889425057e-11,-1.004290563231072
0.6068801798498014,5.0519079972708274e-05,-1.1814768052684919
0.9999999999999999,0.08963781536294496,1.8923518324758954
0.9997027860746609,3.1094955617645203e-09,-0.6982618176564367
0.8557748117818182,8.703184331861467e-08,0.12417655506304663
0.9999128807751044,6.603665043284617e-06,-0.38069736721137154
3.563452453597617e-10,4.798869492135748e-06,-1.2694172773178916
0.9695232753063756,0.00012941442667796022,-0.1670062789048631
1.270816710565175e-06,1.4807418281850094e-11,0.5991033320116689
0.337436444356532,4.320562135900237e-13,-1.2077593925390318
1.0,3.310052908664513e-13,0.8091127907346888
0.9990098504368409,0.0044321666739506604,-0.8053992547381896
0.9999999999998883,0.09661729170142813,0.4831889909414406
0.010512126915707408,8.96952536136358e-07,0.5306920925354092
0.9948479664047364,0.10938222955860968,0.4303861383666088
0.9999999847404446,4.823181785817044e-10,0.03757486415904739
0.9753376342886558,4.0881961896917104e-17,-0.31469082878809207
0.9885557785273674,0.5111179458817172,5.240547465520991
0.9999070849442047,9.93014495985612e-08,-2.3807381125090012
0.9999925902720708,0.061821715350806355,-1.2114646617000193
3.4084194394598674e-08,0.08945095779478682,1.5104765839947065
0.1414320443485321,0.5087390786435709,6.124572192084759
0.034761518283968076,1.03072217566628e-06,-0.9104763963097646
0.6615743377798703,3.068044740869457e-05,-0.2437215476970474
0.005892775110232645,0.1544637557594645,1.8393568104969464
0.9995562397568415,0.5068496731778451,5.761714333437155
1.7197797496361056e-07,4.065469266476521e-11,-2.027677271264302
2.885123401331564e-07,1.1742350082505318e-05,-0.8859228234775521
0.4742364005132985,0.0405636586922255,0.07305720707238006
0.186817236112366,0.056495640094929994,1.2680965981853491
0.022126647274405182,0.0008726647050897507,2.5071571307723923
0.9999938066599859,0.10541501648906534,0.8261444380809356
3.598542078731206e-11,5.374635453449774e-08,-1.4069769246404433
0.03509575639211452,0.002290292016354167,0.4251709973648397
0.9999995694533437,0.1739364096231231,3.060359885771941
1.4116697200357614e-09,4.651361128583319e-07,0.1080187723406295
3.44580348792673e-07,4.4551050572566246e-10,-0.9066485406991878
0.6866790458884823,7.136521005508745e-10,0.9579939486165401
0.9838884819231112,0.3557453859738245,4.2209994782366795
3.596855347355321e-08,0.0050345304831176645,-0.9757355393644478
0.9997869355045983,0.08222932231410623,1.2037188406754042
0.07488084322129505,8.53394953043728e-05,0.9981189626119163
1.6417601834449486e-11,0.028252331764940422,1.4644133602082978
0.9999568271548954,0.9796649211301516,9.73020023599206
0.0010062748281159648,0.004131762845392224,-0.31676181772539663
0.7372203039045894,0.14362551976905213,2.663529019771784
0.09540322647055163,2.619725792995205e-08,-1.2101602410083057
0.0035556753542917616,0.8348180891115994,8.786760182037
0.9998739711245239,0.014991794376679931,-1.22010868359763
0.9104848042042406,0.0553676244567937,1.6190525168275398
8.902768666548765e-05,0.0003495401944632903,-0.25455011366652863
1.639814154485634e-12,0.018585545501589543,1.4544386906633648
5.0632134787088575e-12,0.7828155924427779,8.319568680783306
0.9994521962287206,8.888082139081509e-10,-1.2232202211738479
0.9952478094141054,9.342809194796783e-09,1.4246278255053353
0.9939326869029325,0.4181015971138308,5.732261237566037
0.00027857195051561817,0.9886912215236415,10.769198707835631
0.9993498031874675,1.6047779565926607e-05,-0.7614273872405606
0.006320218314055961,3.2011585393021054e-05,-0.30569383850347864
0.9999999857629163,4.908730183164162e-12,0.14542721745484669
0.01807448927023061,0.01202741265805875,-0.5834362727508459
8.131144795339375e-07,8.977932117692906e-06,1.6924363517843817
0.9996381666761492,0.8278241989732448,8.422568461458486
0.22816434155970508,0.3206190855444551,0.5028428083371939
1.4175643354164271e-09,0.11498712690113591,1.4892270817675795
0.6653544726197647,4.5759658780035267e-07,-0.3481528208514352
0.9820816564821438,0.564463147636327,5.569704920244822
0.9999999999414344,0.7768484191228294,7.399864825442595
0.1903166224297951,2.3226082577745866e-08,0.8070466488675131
0.020595833088102568,0.8563851441614909,9.68353922016829
1.0308837642380475e-05,0.003984848934474066,0.3229016516033944
0.5839925466182934,0.2912536869325326,2.573225682187167
0.8478926319177187,0.3063431392659348,3.0220941878501777
1.2647462143935253e-05,0.0011951650102078935,0.03155126667970723
2.8425336673524006e-07,0.0003400615657064961,-0.7990294242077719
0.9999969907763377,0.0004204918304521323,0.5831335668757561
0.32139612436169024,0.002469793796895393,0.4847402618294201
0.9841528758019851,0.00013968824609978924,1.5418381222376711
0.0002172329878105606,0.20244173989946476,3.2797671792831227
0.999999995371162,3.110552980973844e-06,-0.6856438120603204
0.008754903589866983,0.10556263481374499,1.8759247226464146
0.9482129146596788,0.9380459894224765,8.429506511130294
0.36794615092438754,0.030401614849693937,0.999948249437789
0.03935678229660997,0.017820183553292773,-0.3384123632271801
2.162198279317652e-11,3.4478228933137904e-10,-1.0232532199277615
0.9258833328817234,0.7832068205022142,8.112113547719547
0.999999999927819,0.14993142018992917,-1.1752529262548492
0.05803675299014986,1.0882232151325571e-14,-1.7509755744051192
0.6366125661584262,0.007802812188404658,-0.0994637618902366
4.903859340480303e-06,1.3009642322719344e-06,0.08245477627716517
3.3540457006022494e-09,5.034950907950328e-07,-0.36931373520728095
0.9999999591141647,0.005229236362630824,-1.5271439350912905
0.9999999999997077,2.068531381265333e-06,-0.8178711568246929
0.08186663847683477,0.01970510828435054,0.5882604100808992
0.00837507518525716,0.02938483871907117,0.8756301578190743
0.9658373839290887,2.4533329620472896e-06,-0.016198584266320766
0.1674376401302049,0.01115017603397085,1.2683355413766975
3.264718815419117e-17,1.7317805094469685e-21,0.3973970234592343
1.7512380378985847e-10,1.7102295543796804e-14,-0.7474556539580413
0.999457198507249,0.010043315948811185,-0.18006889392350553
0.021629142752781057,6.111369974392177e-12,-1.402866157146741
0.9999999963652606,2.9020750367756655e-06,-0.10810996964104899
0.016458729403371248,0.00113240407575229,1.1234246599788613
0.9967238109846862,0.001236610632961507,0.697656191040583
0.9999999997572191,0.0015235489871203343,1.4172448157903252
0.48223619526868783,0.12704929692890704,0.9676077254900772
0.9939382859708246,0.00010405698194846572,1.3471403643337423
0.9748975909685923,0.06818209434287863,0.48851671698081645
0.9361238257494097,0.02125272468989392,1.6841123294688332
0.9372589111587958,4.599084166119446e-15,-0.02185674744207769
0.0002280207164962174,0.001063803437012465,0.7178694081744014
0.24648132407677065,0.005208290890081969,1.5271952732106753
2.9546747270961254e-05,9.203134170171606e-06,-0.1933355972395039
0.999987499246045,1.6540260533297837e-10,0.21838898919820024
8.681006195901919e-11,0.10504519956297698,2.339315420836072
0.9776464531063739,0.9217985544785863,9.0849823808558
2.078511900577593e-05,0.008598103859978187,-1.2349112439063792
3.8374894942550573e-08,0.0003753198163826426,2.146760252748736
0.2289415084030744,0.028064304919593785,-0.18912141514119896
0.0015322935521322651,1.5976933190356505e-07,0.15875764863086186
1.2356562183956677e-09,7.359685262269903e-13,1.1560066694584867
0.6390568973682668,0.00015044721605001854,-0.6069894315707016
0.00038993398621270923,0.0013994244721199135,-0.9938736685009311
3.841940657565637e-06,4.999544111115547e-13,0.2537372967798327
0.20251006987022305,0.5754781702658157,3.9617053047457675
0.5343682871393227,5.439965790981626e-07,-0.28790063690212925
0.9893924193306269,8.660848620340311e-05,0.24590474917743996
0.999999999999887,0.20537832161432681,1.7838313193181041
0.9996624992376284,6.524396699134397e-12,-1.543450943120503
2.2083176427153772e-05,0.009998670228448418,1.6941646584884964
0.9999999999969184,5.5348963731142635e-06,0.10359350291290653
0.7617601720698852,0.04133222262685757,1.8444743440303166
0.9999985757815768,0.5166595656671481,4.906559406491036
0.9485266835252116,0.19759182051466237,1.0959062234558599
5.76839329507791e-07,0.1680948827343272,1.9501297475984318
0.022706852863980356,3.6363071653609993e-09,-0.21578708996514795
0.9755859420868804,0.004440079201770528,-1.1333606659736528
0.9999999941480815,0.9736137221823843,11.205921480611337
0.02349961737829252,0.018855287839759965,-0.4337173444963964
0.9999999999997665,0.7565102003323901,5.724835618528333
0.6073499139876888,3.5586249102237787e-12,1.328166053992919
0.14729263060993905,0.002118934336587048,-0.48310867244675276
0.9999999999995851,0.9112083029114341,8.504259136498717
0.9983182688946703,0.045211135990810745,-1.3132762271218665
1.3279079030283785e-10,1.1354646619598695e-13,1.7409414865981263
0.12418290989746136,3.6596287512119288e-06,-1.2894439909221753
0.0993406691275356,0.8916311473550064,8.974760954255713
0.9998681645033006,0.9758417357971427,10.67103768051187
3.250231489663352e-07,0.29031538747106583,3.324870807713755
0.894879702376835,0.021906031913554152,0.15940600714334993
0.0013116964268505853,0.013613812655656974,-1.5655277317308465
1.3694351319371514e-06,0.038692416888910924,-0.4228006668781747
0.00032013892756933577,0.09075002129626593,1.0953005510051812
0.9999992971552015,0.09499772728618837,0.16280320287488736
0.625406925168754,0.022388243537844483,0.4272418953772126
0.0031657945555129637,0.9885930595036706,10.567674003851849
0.0001659325625108111,3.266214463555914e-07,0.9625061520145652
3.530731786678988e-07,0.8035496169292183,6.8093168114795
0.0003993860363523461,0.00037073503755241324,2.200353405354478
0.0391976504211707,0.0672246045476452,1.4397253900305826
0.5860410454395322,0.0028807708540336645,0.02709355487127269
0.9999999999976208,0.9764549583419921,10.854086166496561
0.9999998853139747,0.07035427847418363,3.06895055674181
0.05891186380007391,4.726067736245905e-07,-1.4387153749891333
0.07256645213608308,1.6938294237564197e-05,-0.22509325954897796
0.9999999978843912,0.8532822268048027,6.154390608174699
0.9952256627440461,2.9363266514608066e-11,0.19265153294165735
0.14576077528780737,0.0818725415846122,1.1841196577712627
0.6818476308369656,0.3078478118949943,3.039316003507184
0.004758686024190317,2.514136737262157e-13,-0.6545335709957958
0.9624693964731542,0.2262584123127398,0.21306960693907273
0.8269370049104957,0.020856010835207293,0.5820937917638416
0.5771497976050095,0.26055759155557295,4.061010399471055
2.2057491016792397e-05,0.9714041356632246,9.123022900898814
0.4257313606967435,7.634601978532856e-06,0.44013627504293035
3.30202641354765e-06,0.7367528386438638,5.799384073018587
3.2630474114920893e-12,1.737372624115078e-12,0.45721306370988757
0.9625659302330553,1.27029040534361e-16,-0.3933822977446558
5.6172993439742e-05,5.984638309847285e-05,-0.7618194867719297
0.032654716697333316,0.0033762333808627664,-0.7266013074075028
0.865610068223067,0.999821837249017,9.60460679045716
0.9999977160884508,9.490503325108684e-11,0.38243331664158575
0.008809048874912595,0.022356140079340933,-1.0886018004021085
0.8236193302287063,0.0011486617978482868,-0.38562871358936995
1.0,8.740859549570799e-08,-0.04147090391319271
0.9960250051083767,0.9086196912157849,7.98715768762599
0.9999999999999987,0.1060845887550643,2.8575110892256603
0.008481963238339192,0.011676610441489538,-0.7367293756464461
4.780585726446756e-05,2.0220618168872463e-08,-0.6694367114273088
4.435788049853179e-09,6.364115386866798e-05,-0.9776715382838113
0.9531015249472727,0.9850232092199187,11.648712179337304
0.0044028906504699926,0.11358508247398023,1.6887560533392838
0.9999999995971138,0.015276397018600018,-0.783828036057642
0.982158275512999,0.06182969361144308,1.7245284949743995
0.9820377374860824,6.0958948967398406e-06,0.2007596532378457
0.9982424546593682,1.3228301941602734e-07,0.25725474394169584
0.12250185481485254,6.244499782817121e-08,-0.3444765843024744
0.9999900750244595,0.07941740589390363,0.04475807198206294
0.9536650307913734,0.0004206074738231198,0.34197217379283257
0.10327765334421889,0.9891966502679912,9.34687927268432
0.3600756765355649,1.1456086522636404e-11,1.8167556296896654
0.024917674234056438,1.6428789086685375e-11,-1.2692911050788163
0.3243053268717608,0.8557225518980165,10.093382291835109
1.6107271124034837e-05,0.00015052610424952988,-0.10981358775530539
0.05705447310095341,0.8670933783844195,8.9700195178653
0.0008487546987468196,0.09659072490174361,1.7990650156468706
1.9648089510283823e-17,0.18101294851775934,1.1798801901731573
0.14513173391038442,1.0373555089895695e-07,0.8642494220541455
1.0,0.0040677345484627075,-2.66686650989655
2.4770023856268177e-08,9.553543447539904e-05,-0.7190341788771851
0.11095712452098264,0.42834972969897667,3.3594344896487014
0.44052492721139824,7.900448141107305e-09,-1.2535059333672802
0.9998981769281042,0.5642394729912154,5.4274398918332025
0.9999999999996994,0.005222077518701345,0.4379707433687083
1.2818804658858397e-06,6.62605771153329e-05,0.7033226042704591
0.8165921345167347,0.1014888900406238,1.2557656576066456
1.1540788835499016e-08,4.450085371210935e-09,-0.6656934203926932
0.04750280019393223,0.8452364558494514,8.82138099631968
9.73323612844536e-06,0.2973871471847335,3.098157166698186
0.9998614410739721,0.0006609311547000838,0.942665479483017
0.9987971904229596,2.2627774194793288e-10,0.776936705194294
0.9843040374826005,7.307019976170613e-07,0.03048372094060504
0.9999869999147498,0.0019158619905891127,-0.8780943862553656
0.5516095798402532,2.098101024251288e-09,-0.6529501348510706
0.034322853747050956,0.0024597094904563535,-0.5251922647334698
0.9999836594630729,0.8205009938883808,7.889743604967553
0.305183177825959,0.19778168445983096,2.245867272188063
0.9999637982601768,0.005723161481371497,0.7724060049417734
0.9918268465039285,0.007306632015726022,0.021947627141882566
0.016030030942487904,0.058512600039326,0.6012507882937325
0.9999913649311529,0.09085675162529197,1.0518738212529233
0.9835974949368591,0.521636900413234,4.7004636909999995
1.0982934973682352e-06,1.0201368438594842e-10,-0.9253922566228192
0.9998747316562231,0.08855352491061905,-0.8699026482045193
0.14520238104570052,0.0010930479674774347,-0.684218878402098
0.9999997783137939,1.1197772382117396e-05,0.4732574309916081
0.9999101039010931,0.030208831980052527,-0.4008231182390422
0.9999999554398492,4.062513869785229e-11,-0.2378070370196883
0.9999996787130431,0.00036082109106746313,0.4700394983229916
0.08082599906882941,3.5351314848584854e-06,0.5207248477375173
0.3117437378384678,9.73228184106064e-06,-1.0794355293476283
2.9400335912284062e-05,2.2884611578825008e-08,0.9970595852997572
0.7582078318063095,0.018934576438204634,1.3166958537375317
1.8777334302254134e-07,4.5055719916030925e-05,-1.1293993000193996
0.9628124845812154,0.3615514259513651,2.7916773898724965
0.016018570945415447,2.9357247985073794e-05,1.1913842556260423
0.9128111330433346,3.8713346520475166e-07,-0.14684964992064883
7.041109850956268e-05,3.728706291174591e-05,-2.2194050768227336
0.3296482661618254,0.00020570154352389711,-1.3976244892974472
3.877688758932814e-09,2.130314677925431e-09,-0.24936960386933446
0.0009090425551836217,0.1402349331979816,0.2393066816952143
0.316629800611146,0.009916081011938475,-0.3142629605170566
0.9999842761829575,0.21203169494694837,2.1527131631530625
0.9999999927890878,0.7087419648863909,8.549674252898638
0.3750449029126499,0.9900863185358014,9.610409269130226
0.9999488459352709,0.00041739193746627917,1.0767157189474217
0.9999999267392736,0.29823605849272355,4.411120746964006
5.450782180008083e-12,0.6666277192129086,8.100586861481164
0.003022667710187443,0.030412747028221488,0.5888820636677832
0.9997347321085649,0.005681177652800846,-1.9064773713109657
0.9854030176055635,0.11317472560945675,1.592572121498433
1.5612537100731813e-06,0.5798781285859073,6.847181173672613
0.15775829339974165,0.006611850651745972,-0.014948598917957412
0.0028235985185116165,0.0006658535989921765,1.7512424060651703
0.8270623962943018,0.0006246838241859775,0.8660803997093175
9.808436393383035e-10,0.6194194149269737,6.762467526422522
0.4060506845155463,0.01927460003385478,1.2791267115443856
0.00014372382545876984,1.6038266322948142e-09,0.3333698672991444
0.9999999918827167,0.04510457537268554,-2.041764745668498
0.00042447551039130713,0.553692716917576,5.037788217705394
8.128309661368512e-14,1.6902072748891202e-10,1.1971680289380608
0.6747152787211403,5.04374012715375e-06,-0.8075409026970245
0.6982014231869996,0.9297127816910241,9.073655311673301
0.9999898760580005,0.4517334717407111,3.4724984035040403
0.9988807239649524,0.41327593838570065,5.916681979058776
0.9999999999927228,0.002367558907073468,1.7051680464887502
0.00290579685714212,0.008346723974250134,-0.8004016553982279
0.5814948146907375,0.8087854476721111,8.235152477110194
0.015678510688768032,3.6861109462273e-08,-0.680493679152953
0.0009913985680722079,0.9999738319464357,10.614682958495736
0.4889631210431992,6.656204999683662e-07,0.5096897334473287
3.062563881114661e-09,1.6753940192877948e-06,0.8117223255534584
0.9999952586411203,0.004866301842935958,0.38058146613724686
0.7461505251167623,0.0006175179287906253,2.941581385676374
0.4580207849392486,0.7919209885070373,6.891286120059634
0.999999072875279,1.2354359886828735e-05,-1.710479810837646
0.9125920185666164,0.0009101793707443365,-0.38398840699401815
0.29083567472147676,1.7486581019224594e-28,-1.5679882655602675
2.1405110855930605e-05,0.3396592365224371,1.9041300952183784
0.9909008876972527,0.0001179513310798969,-1.000135140887168
0.005872654464004574,1.737255775356839e-07,-0.9221871681758521
0.0005573491373129247,0.10684614471771096,0.11384334522704953
0.9999999899059293,0.9350666397726962,9.868885348172375
0.0007623288800529651,0.723987662338818,6.733687562302843
1.0,4.421690513132236e-10,-0.17951457045078964
0.6919307731788698,0.2855650230547468,3.749883005048403
0.9999996512228677,0.0026019868677761705,-0.7403026561036645
0.9968849409485355,0.186551971982137,1.6009738211166478
0.07651251417606456,0.9966730268710223,10.33249025480314
0.9999973666632471,0.00013692938623693788,-1.940198506757852
0.9790616853596987,0.010307077527888345,-2.281834733671699
0.006342982708579176,0.05265613265707807,0.8726786553685034
0.9999999925508507,0.395398917361734,4.446003454184239
3.451447686108561e-15,0.615801006547765,8.222230200330062
0.9999995616781986,0.001004003891683488,0.1681349147836448
0.999999867790108,0.0060628096516317,0.8803678137744118
0.0007700371310602196,0.8735423403646515,8.53995076006054
0.06683315398659193,2.9574282244331255e-10,0.2972272245425146
0.9444551429512298,3.014582611314638e-11,1.6672568420509921
0.4867178886278027,1.198020646690689e-06,-2.1239808379191687
1.1245709779801762e-19,0.00036424323025739533,0.41725868987425446
0.0004819775920613709,0.21198282377039612,4.255414967781327
0.0007915894085268718,0.00017095461055321865,0.2837437653148747
0.9999849305167519,0.9660505227443669,11.311078190676517
0.002209727762906996,1.8971871405431822e-19,-0.6292121495294424
0.9999999996438632,0.0344766414737618,0.31271892057390455
0.9992151167599763,6.050945529291802e-07,0.03353075333411682
2.408412012610618e-18,0.30397846955437485,0.8221936161849777
3.749647530615418e-06,0.002505317596477085,-1.1431246518854294
0.00012667709868307298,3.2483440655001346e-07,-1.0968718310399206
7.649116254729564e-28,1.954607571280333e-06,0.8220856241082402
0.5793528032725651,0.10846522004179437,1.9568053061019988
4.127361320730562e-05,0.9841546176791275,10.165582619497808
0.9984281758851119,0.001451658609421296,0.8386194829499187
0.7352461307664904,0.9370869983423142,9.20672057070137
0.4182218324162831,0.00011449060290632184,1.2030765755686064
0.9821644958760495,1.1297261632931295e-08,0.00878855560468815
3.111548410997218e-10,0.9363784570906177,9.421648618332933
1.150390711068011e-07,9.341742648106751e-08,-0.26559169908814656
0.326823747405459,0.9116905909215703,9.801356386852131
1.6501174787683337e-07,0.000775112993645,-0.4134476866764632
7.148027833121654e-08,0.5361346420831038,6.337777798029106
0.996421440444706,4.1426769588922347e-07,-1.132144998039048
0.9999998404900282,0.38533191991898585,2.7544029444616642
0.9838124831927636,7.06614678025665e-17,0.6874267551265049
1.29085787984164e-11,0.11182608274860609,1.0297166129030482
3.829057289355119e-06,0.4910288981809327,4.456397565656198
9.113675872137513e-08,4.4726150543506355e-12,0.8900577325201858
1.3315938135488797e-16,0.9907877790263183,9.3006163761771
0.12492295174380295,0.019479766538757954,-0.0054035889127903025
0.7383107008609255,0.0027046450554210183,1.4262744006253696
0.9999996777024698,0.004520019816902545,1.5843425439796759
0.4583596316790172,0.13120808264857411,2.884479036756068
0.3959497595475986,0.06760790713188584,0.3939532943849472
0.9999952410316996,0.5276158178421656,6.506861083406126
0.9999992992837046,1.9472183134116246e-06,-0.948933355585544
0.00786769192601387,0.5054775247417596,4.147872372695534
0.6774763669695185,0.6250901540526467,3.900445687902106
0.9999993305237065,5.476306375672192e-05,1.673415832536097
0.9999999891059057,1.118707876815543e-06,-0.8639686619973102
0.2859993514237343,2.1299688306823992e-08,-0.1265323667501769
4.195288235014893e-09,0.0005292082080251704,-0.9050322598480323
0.9999999992495465,0.7668896177827702,8.364061426157843
0.0003939028451478437,0.0010281238953857817,-0.36535242176348237
0.9999999946142754,0.9998854819354241,8.694037928921292
0.9999999965847914,6.340455388215347e-05,0.44229660972488216
0.999920858035926,1.027343808529488e-05,-1.4336272904293756
0.9997160080316747,1.4329014199154964e-14,-0.837405725315348
0.9999928209490583,0.0005668009138615843,-2.101221105487465
8.352729423681298e-09,6.721635757058299e-07,-1.4239513905618497
0.5828285181258971,0.4619532199055309,4.7980613687757865
0.07145903281483901,0.00016257458517216145,-1.962910292251203
1.390281470631556e-07,2.2709936951186613e-06,-1.4811230146847645
0.0008563825587324388,0.00015028457089331584,-0.0008660704238748983
0.9998402618430379,7.441636473065846e-05,-0.542862732445746
0.04253024834723143,0.04385786910869112,2.43061532704622
0.9999753098790464,0.9953925714940614,11.787822260964989
0.13184124697211916,5.277626081070555e-07,-0.8679171851250725
0.0004884186690522871,0.8330850314860206,8.88798793326369
0.18700315372677895,0.00026832191392697606,0.751965776018721
0.0002714727414207221,0.06321242634350399,0.03464540541063654
0.00024319582907069413,0.0013084532410452588,-1.4824570040877514
0.999999668443087,0.012040294080803437,0.10810449149997677
8.821638918913927e-10,0.721152027791898,7.0386746031048695
0.0010043331779607625,1.7592679491691795e-05,-0.4355885701757023
4.474602848796299e-15,0.009656334594301057,0.5388802141074958
0.9999999709281172,0.14211115523632378,0.6703819453576391
0.9999078217349611,0.8962980157917279,7.810982610338137
0.9999998460533026,0.005790741105040683,0.1669903814002387
0.0008625575956141445,4.2953750505871874e-08,0.38597052210638094
8.638708492348114e-11,0.9985887826270091,8.809242882370038
9.294617566934419e-20,0.20644773532993027,2.9925679642903837
0.0001063539692553422,0.8628579384383037,6.85809824660696
0.999999973663097,0.513103193581191,4.552918477096267
0.9999998071064896,0.0046398935674085776,-0.21160960052352323
0.9547417943210209,0.031092033729242845,-0.3253033753595013
0.9907922513803454,0.011101095682661155,-0.45404951672458094
0.9999572872312223,0.0003469501725300996,1.874543984033415
3.853044997989602e-08,0.5788488924549766,4.937604835510867
0.21995175416074228,0.06651695495568916,3.1063912720288056
0.9996892065181989,2.680755532479112e-07,0.43712946048658435
0.9274287288667595,3.963285194349307e-12,0.09205513735162484
0.020173065399098883,0.012369240295115467,0.5999327563388206
7.160502799792311e-08,0.07468359940025161,3.2767637432544685
0.9992332637625868,0.9801691416484969,8.808098412553521
0.10755248616413084,2.6398875764018693e-07,-1.1204152790488129
0.8947237879685198,0.6622337766737868,5.867471570165947
0.9995510038357913,0.0009620273716959278,0.04176342068152017
0.9643688858077127,9.652253458006167e-06,-1.7256746022779932
0.9909101097180767,0.9091017302626185,9.113356541944793
0.347314124345632,9.09985043587005e-05,1.694457118457259
0.08473325627512632,0.5862769652823088,6.014177043447866
0.9997931495954159,0.020553807605486505,-0.08714738292041188
0.15455250535860385,6.296090367790546e-05,-0.6175308396468484
0.14936035717133309,2.2163085773705612e-13,0.8985117045537808
0.3812599200608642,0.21129180617279733,1.287085288489926
0.9999999986463022,0.0001978407253864096,1.848374327853112
0.0056679646601499895,0.9999689365169877,11.933049112884234
0.006140811127118784,1.5398216705377022e-05,0.25690478082884133
0.003155794306847495,1.496967526373559e-06,-0.011500118401381364
9.077376179623531e-07,7.980861747438078e-05,1.0314578944163033
0.9999465261390242,0.001416705601072749,1.1089655582380527
8.126866816019482e-05,0.0001087126907721062,-0.8049046041516944
0.9996770427514315,5.9157549370055005e-05,-0.5259635576430014
0.953479072381688,0.003829881182068011,-1.2840486228626153
0.99968704646153,0.02578184514637653,0.6668833897978224
0.0017161714723206377,1.101082937873726e-14,0.6666278834570009
0.048368528253864534,0.0029591198950536433,-1.3203344389107365
0.0032744809292597353,0.1767555662126066,1.3123567573099069
0.005943822830501364,0.013628262552299094,-1.2109712920583582
6.411612583514511e-17,0.000442577032095225,-0.8943740399228853
0.9999991203923957,8.47488031499939e-06,0.5511018090294495
0.08699743319606541,0.004565667622674875,-0.6878253904515307
0.9999972319500893,0.3600593420370375,3.299767464338076
0.8733737692122004,0.3583068204761168,1.9557564768138525
0.37447835022208564,0.7723907670422713,7.910897880147377
0.9950818865421093,0.9904020357446224,9.859747037601576
0.0016448409304259124,5.575657247226651e-07,-0.728953674375915
6.657287922987898e-12,0.4954825239503444,4.76581094182097
4.0989982287706914e-05,0.6737247956608261,6.917542837111705
0.9575731416902964,0.05317196951882915,-0.2831484537210526
0.13635427923836724,0.6453648963164647,4.977386419162867
0.9999005876176636,0.6733475156683152,8.539049589369966
0.9999999998857088,0.032335395511564495,-0.3099187495946277
0.29490872366184645,4.125822030960038e-09,-0.09676006192866901
0.00018117517956525565,9.098586426506317e-15,1.0108397350204046
4.968349552872765e-07,2.3679387131007997e-07,3.529057555509197
0.1528818116783995,0.00022467304289862752,-1.2422397194598793
0.3212775510745402,0.6145584655208421,6.5954118689349315
1.2610478848662692e-09,0.030552836744172,-0.4020239178523863
0.013782527694450554,0.009461760141644127,-0.4441727031602696
0.9861325390566977,0.005218571507821636,-0.6680263059285736
0.9435016160793774,3.09657649245809e-05,-1.125345310151339
0.9965655763648181,0.0009819599105498423,-0.03147176267916302
0.9999998749333747,0.974870640395869,8.274203716910455
0.9999999830628015,0.036057151684338144,1.3073790833552519
0.003521365566251059,0.0011068198081872743,0.06607113411524737
0.34953456971638125,4.5364723166269085e-11,0.42243497335508706
0.00025870786491063004,0.5997525518879503,5.531336906933279
0.010779666160811996,9.50429967512466e-05,-0.3662535042442358
0.08517256897017737,0.9886397792937865,10.173961698105193
0.9263524439694497,6.953768047126272e-07,-1.1640436786377784
3.9294164710088305e-06,1.0315026150805825e-19,-0.35799043441333583
0.5844797868047394,0.00033526039673418255,-0.8562609099111123
0.3178417876656334,5.2933343137167225e-15,-0.8905688105909614
0.012123506269673347,0.6208344550349388,4.0985063097237475
7.906790948974626e-07,0.04270004777376404,1.76632706721764
0.9995997104290046,0.0034848894224850818,-0.6516898589289181
0.016069109347584293,0.0016554827483403565,1.1799308826469537
0.9898935823450224,0.9631892398020494,10.700684719414786
0.9914508868727622,0.07203591079007046,-0.5656405986157891
0.5275188709061475,0.9618953380287141,8.530542144614296
0.986167516565914,0.0024333989763799494,2.584836949119483
0.9999999999999061,0.0005777694966908421,1.7567036368940518
0.9691580529299846,3.898790404054029e-11,-0.031518512938225114
1.0,1.4496179112738358e-05,0.2575180682084768
0.05092019252303398,1.5331882535320807e-05,-0.6306930841218356
0.9999999713480401,0.41404452861909596,4.572798000391299
0.9981640396422407,0.0013582412574358403,-0.703599488148113
0.9999280062419001,0.37922205653055363,1.7598668010071514
0.767173653599383,0.5298494489058222,3.976938702547171
0.029640543098678994,0.9702214914100883,9.723307661951472
0.9999962919476383,0.5260499128837798,4.12943189333521
7.366012663528654e-05,0.5524875925971167,5.457598461057632
0.9999999999884567,0.0007627520982879078,-1.067033518449984
0.9999998578225227,0.871414071530948,7.931786792807486
0.024315026046199374,3.0810103902136874e-06,0.8531961165170939
0.9999999967989517,0.006520060029571386,0.3126811479358185
1.3581897656559917e-10,2.798846046980342e-05,-0.009384536708649154
0.9999915592234749,0.20262374871094482,2.9052014601800997
0.9999999999421885,0.019503940398077756,0.6756479973281249
0.07467048753387756,0.9245064039079581,10.691627330330949
0.995539707099424,0.5123735976294977,4.663876713979837
0.9999805877710062,2.6491580619403157e-05,-0.42937006272131467
0.9999978436274879,0.0008780806958576274,-1.292328459432769
0.08989817641721647,0.00010691984877281872,-0.42791151888469153
0.7587083877554407,3.193570385878631e-10,0.964769897496016
0.1764375373250431,6.802490209434826e-07,1.2999941747523434
0.0003570387019036645,2.8876892821677195e-06,0.9603340449794897
0.36295508734484044,0.12303634967599635,-0.5638283697894728
0.999949207475249,4.4831952670588714e-07,1.0831496958560014
2.3177516314869922e-05,0.03566300965298958,-1.4818885267421749
4.326599112761829e-10,0.0027648042207352123,0.9257653663296996
0.9824438349693441,0.012633207380408478,-0.24145245276697042
0.9996022429947283,0.0334580605178838,1.0371139191126937
0.0001126513202362356,0.29992303965828426,1.666782048688277
0.6960872465966016,2.551080018230756e-09,1.1711676582169468
0.9999999883284912,0.0025431952758747864,-1.439542793346141
0.9999160799255358,0.09953290410884556,0.326874130235278
0.9999999983755845,0.9374554670254134,8.3764600424851
0.04258295116347384,6.438261038330125e-06,-1.7542204702121158
0.9999997453297177,0.00010800392020390642,0.09560760679050744
0.059724258430319595,0.013245236082859619,1.9385414786655575
0.00044207480610228663,7.159673729089732e-06,2.6669768190572998
0.03675059394572259,1.2988204690429136e-08,0.09715591696829468
0.9999998286643443,0.006533229526563396,1.1820135703331562
0.9863900736285222,0.9055942483538181,9.288037121466717
0.8560786216146634,1.7006089850742123e-08,0.4988833648291113
0.9996958965352474,0.9477547240341528,9.13539858921429
7.268185791197237e-07,0.7647734854774371,7.842811780196972
0.9994008331176932,2.500428818317389e-20,0.5374787046064285
0.999999999998566,1.4557975718220668e-13,-0.5784597288748755
0.026023618964162516,8.825126025879606e-05,-0.07661178729039997
5.8688866900299554e-09,0.009855291843839991,0.040122799440911676
0.9912118886619762,0.07891450572600636,1.6155483745905883
1.6856948383223993e-06,0.14268883917513092,0.3608562201236285
0.055052927025216206,2.1448791327237145e-09,-0.05154218715886023
0.0071032169752030935,0.0015667451324471312,1.9276729203771688
0.0023455362066438835,0.02340144557970877,1.3980746083830253
0.9999999999187328,1.994009261508112e-08,1.3491792482896314
0.005043785766251017,2.112689730175976e-06,0.02445296707533592
0.0005003643540184282,3.7675494554676855e-05,0.32137431863156996
3.558154811269888e-09,5.6104983069100665e-11,1.0022361672639752
0.0950658209845532,0.16000942327772097,3.1603497623081402
0.9980065787986584,3.3724596480928185e-05,-1.9512656669180775
0.9999952203141977,0.9999911485188561,8.684470178138715
0.0005719992423416032,0.9484481956219009,10.793926057621656
0.12536934662153826,4.443709646865217e-07,-0.2768849120591567
1.2397435277005632e-06,0.0056655232390014475,-0.6150655568680629
0.9999999999768762,1.2389978854894627e-05,-1.254037087207055
0.9586650513016777,0.9555959662439498,9.000942960895388
8.136401622706419e-06,0.00028334335456540636,-1.3995358498781707
0.2493280236080982,0.0006927231582305406,2.0980215043147825
0.9999261314372175,0.14629767612049313,1.4405407092243578
0.997820376077948,0.5591169863669564,5.533219321906847
0.9999998501361638,7.733658639590926e-09,0.5880767525044182
0.9999995702004708,5.91522931194537e-07,0.9623510844958815
0.00022319964959010915,0.02790004341762643,1.2248885907309037
0.012768386976012938,0.8641412715452743,9.715034659360315
0.0058974349456045036,7.465758088101331e-10,-0.6308455433250982
0.9999987900025128,1.2011744020383034e-08,-0.297866684839421
0.010119580243266115,4.2165290810084246e-08,0.7690320770951836
0.0005669723953908977,0.0001002045881316458,-0.5263870157583035
0.9999999963009838,6.9110943947789825e-09,-0.005106562916281075
0.01534783227764462,3.1051455266409218e-06,0.39879481588008064
1.1103665311601187e-06,1.452440401622477e-14,0.7851850823105214
0.9901194194984385,0.6449513409953543,4.671832447583342
0.9952604990594917,0.9897238356861074,10.611984006750019
1.0,0.7202473672036643,6.968749614184918
0.6104235266897774,5.007434469220493e-05,0.7079584543113031
1.520486765002984e-10,1.7034580280272853e-12,0.7769316923718633
0.9997851966344811,2.0449178367248345e-14,1.607915061119362
0.0026022715413298978,0.0003212568375121613,1.3566662159963248
0.8897804749274755,2.866686703807106e-06,1.3466003294773343
0.30974153726282716,0.0013782694219877196,1.4574530133861154
0.40346582750878746,5.6374633853364576e-11,0.29137898537969226
0.00010314698192294434,3.7957261076813114e-07,0.03218888276294738
0.9999999994124111,1.7813508474926535e-07,0.8728188645291819
0.9971402560957275,2.8752145836333014e-07,0.7320838266476061
9.366559441084258e-10,0.6721942367789996,6.4128761310517355
0.0005876387346660535,0.0005374725900083911,0.410198134708352
8.39351388862559e-07,1.296425219792159e-12,-0.03509646677163016
0.9999999999189361,0.04802940963004739,-0.37363881215958206
0.9983357429784732,0.7816705913281341,9.107166654657691
0.008279172411950305,0.09749822137092495,1.0301814562393388
0.9999678299441761,0.017160474288578323,2.220313000584634
0.9821278043682361,0.0017110202824234327,-1.6083820673755984
6.589776701571037e-05,0.033897976893944595,-0.21779900390392037
0.9993189387403024,0.00835448759767586,0.11618371266763002
0.0009651305957685924,0.003048876836971426,1.1678698659986284
0.999958088606834,3.179131644939911e-08,0.3994696905153496
0.999185273709013,1.1551081329247783e-07,0.31047390928888435
1.0790601252758751e-07,0.12755326092291103,0.14826881667496328
0.013021682109316101,0.0029453608410559885,-1.1274877888189114
0.9999999999998808,0.004652724316654012,0.3690319034564448
1.8964496197162026e-09,0.002535097444829886,-1.3387550193700595
0.9858966445536688,7.195175442465965e-08,-0.5318770307717844
0.9972336987808567,0.0461434571020846,0.9623519001067035
0.9999999751721446,2.6046064443813904e-10,-0.9823242696721695
0.06988965662273881,1.0827238547452461e-07,1.6053570450856613
0.9999999999989703,0.010141283731228823,1.3253491815501783
1.0,0.38621246392840264,2.2907046409457257
0.1692074685735384,0.007185439373722417,-0.860516849444763
0.10629833469368688,0.18204325842230806,-0.4653446602718694
0.8842862951193627,6.11644893163416e-11,-0.7825913619364884
0.48173834558835527,2.057047976387625e-05,0.7665941813700382
0.0023483011654344063,0.9565698536827054,9.151803594552197
0.7628959092022187,0.2975638445936207,3.436435689552174
4.302030134855599e-06,0.0007315562295816424,-1.5150187559859278
8.2169963299611e-07,1.602552878330227e-08,0.7979754148371931
0.5314956856345358,0.26991609854229504,2.1440517574946005
0.00012006228526782111,3.094686274630652e-12,0.01216968231385206
5.992637639428075e-11,0.022556288983160463,0.1326883884385519
0.0018951439225069846,0.0008586707527809279,-1.2629618133644747
0.1831251380219718,0.018871733542214983,-0.9643669963176325
0.11798874613252494,7.870024629973722e-08,0.967795256005889
3.766768477159744e-06,0.0009443507849993438,0.408435665351689
0.00480318057492176,1.651216646348134e-06,1.0500655537198902
1.0,0.002445645711147399,0.3491146926139923
0.17240686952621123,0.00020906130145051507,0.14508124782372162
0.003343175123921243,4.2945282812649816e-11,-1.7260106182373136
0.9970027830334902,1.7780979784118623e-07,-0.27036491866319134
2.5814039834835097e-13,0.00047524032881152264,-0.022631917115628793
0.013154346338385709,0.0038080915801514447,1.9911881140740886
0.0018885459762269016,1.1095605400379558e-09,0.6869566431942827
0.9391459424313936,0.036084023559979674,1.896901417309325
2.410186809077781e-08,1.743203677083154e-05,0.5977120262624366
0.995407041712632,1.6582430307770347e-06,-0.7112866445191716
0.999942418258396,5.2580080713568193e-17,0.11712421614985187
0.07921133413090478,3.3318784817461865e-06,0.2362569650490505
0.0014495988332945747,0.0001798547537000179,-0.9373570222336816
0.9932754815939615,0.6687043290016966,6.3026559134240445
0.9999997250456794,4.558394546545541e-09,-0.20576694809322654
0.7364861335418375,4.0778549166996486e-05,1.606027618056788
0.0026357665302940655,0.04231864017965987,-1.6575541235943796
0.007057421127229128,0.5021293723698235,6.227112144414278
0.9946186680134749,0.010215397032565729,-0.8346412646337255
0.9999951436068136,5.214534382170313e-06,-1.3720270419257923
0.00030278246312957015,0.040290414459501364,1.5828462746334777
0.9999999999999973,5.077239376342435e-06,0.7319488416281444
0.9151315651784615,0.00473617149565265,1.3018804173377163
0.0004308640400063574,0.7495967823612587,8.296669771158165
0.015800815638577884,0.0003585065632274963,2.063430067369677
7.789220120612572e-07,0.2839993905473896,3.3987177424183814
0.9816210023981243,0.064015028308391,0.4836729069607515
0.9986068356930081,0.9891338565850408,10.23426494317175
1.1254784501851151e-07,0.4881202828279668,6.124671956625631
0.0003798269472731569,0.0004058625947084547,-0.7753166993130325
1.0489221146313023e-06,0.9907935804835981,9.2560472223046
0.9999986702205269,0.5589150510273257,5.28019049567535
7.861047444674583e-05,0.001176802181583628,-2.092814776949496
0.9995873395281277,0.0010895440221192771,0.1489738486387396
0.0071003882520188685,0.0002492304633920956,-1.8836363993171052
0.9999012133091661,0.00018873278587310018,0.05494664079135004
0.9999999999971176,0.009079404796572677,0.9560838041009766
1.1451837197785811e-09,1.5495450975813348e-09,-0.4768764451483847
0.7562572409794371,5.798959845154441e-05,1.6776957661713863
0.986056986628037,0.9733550696710178,8.27304979729169
0.008491018579312013,5.606552752914319e-12,1.1912606816878981
0.9998222049993993,4.26782200461884e-07,0.6751413242289254
0.06938031699217025,0.0031948810779302847,-1.6840844375313861
0.9999991984115584,5.568685146760655e-08,2.7107948559090476
0.378287543429422,0.0031887357896211712,-0.03185792760775446
0.9999999956442,0.0014154699242693615,-0.8633293229129381
0.9999999999420364,0.007742887823440165,-1.3296583165496152
0.10376809398876999,2.691393178127336e-15,-0.22001802765964712
9.795655848259029e-07,0.010392790150181602,-0.023478970888143713
3.628023206950852e-15,6.231329484555293e-05,0.10326866148811996
0.9994435544910274,0.966288975311635,9.36509359689239
2.9615775641248775e-09,0.0001848039050578375,0.6350733491656719
4.194697150689709e-05,0.005716069573810233,-0.330469136925144
0.003066756217880669,8.43112583033867e-05,-1.934121004657437
0.9999995743818193,0.015509716582582163,0.005735670176180402
0.8738217681035831,0.147174815343343,-0.8957294999398482
0.0014265510897581225,1.3277950989527172e-09,0.3537706441693405
0.9999920981526822,1.3045853409834888e-06,-0.9792871844292255
0.3452242165095522,0.26335437451897853,2.7969041001055857
0.9999936849197184,0.43160691998366646,5.630144181361269
2.0806183252694198e-07,0.0007589532153138201,-0.9411591631148619
0.001660273395629713,1.804661530899148e-05,1.0614367246652079
0.27169559164275636,0.005276883691393266,-0.38062072977222056
0.999804495888469,7.662652200873415e-06,1.753271428587594
0.999618119226395,0.5649773295950756,5.284620682752543
2.4315736093698426e-11,0.23767760035610339,1.5362830180543423
6.386785250687367e-17,0.7737936176642505,8.425174627037793
0.0005848047306938999,0.06957135996958771,0.25992387007224127
0.999903090513936,0.04687704831173846,-0.3726790310116239
0.999961215183551,2.2110943015413482e-07,-0.4778376396094896
0.007547106670847857,0.0025846426974801356,-0.018760105208200054
0.028160123964141307,0.09516056569978798,2.293785788242734
2.061855312208021e-05,6.764382487590696e-10,-1.9340877386951947
0.0169408236727558,0.001227565283790368,0.03535631178832435
1.514619106142736e-07,0.9930354889360024,10.555258484014066
0.9993046424808166,0.9898455840297857,10.091904415289653
0.9711543281192908,0.00015139883775424186,1.3113791578110765
0.013619453084036592,9.114462059790049e-09,-0.07434523861390366
0.26108479168616655,5.82908689395836e-20,-0.18455144218594516
0.9999999999128615,0.008485427057656692,0.6771838175899102
0.0005636517540247501,0.4569408416678516,4.668722231629865
0.9952565725499074,0.10743850156250638,0.6839762773445928
0.9885445185779629,8.463983360891699e-28,0.5161440395863797
0.00282966282707761,0.004162307449876737,-0.6109052187178778
3.745406250234861e-09,0.00030091430235971674,-0.60816800899573
0.8848725618264676,0.2140150524034552,1.6121565022689384
2.3114281178604453e-09,9.65657423502302e-08,1.353070125823831
0.6248675317014449,0.047668392968787214,-2.7443324262978415
3.0165520418689894e-08,5.140774308729807e-10,0.39559883990371664
0.975437905039708,0.0011671250414047674,0.0459430646142699
0.9688614266178177,0.36179636930121917,1.9370932337740714
0.9999999999986494,0.005264148169027211,0.3623682608262743
0.9999999988675865,2.5203920085618208e-05,0.4760040310323882
0.9813639966136729,1.405643026016809e-07,0.589640637000426
0.9999992331404113,0.0004164924738718841,-2.64766313830623
0.19895137749749553,0.0002837336741632811,1.3692267485960712
0.9888516791666268,0.6930376073436241,6.1926393687514
1.5792993560832345e-08,3.919773478799953e-06,0.6866069444879641
0.7730592811790383,2.065980524367555e-05,0.7412803787347227
1.4320533399285056e-08,0.7955801279468822,7.0791041938495285
0.6152740118281429,0.41158582047998094,4.776318157151359
0.9999999993681714,1.936550653007436e-08,-0.3854930472572929
0.9997360036626659,0.002998537053524824,-2.041391808802909
0.9983540074226747,0.6156525403042825,7.324267328570604
0.019354666061026874,0.3853388400882961,3.0783434378667214
0.9872542242067757,0.0021266659981220445,-0.8332268027568338
0.8342986154383284,1.3834122957222405e-05,-0.4029275268071499
6.9716827132508255e-09,0.9011186046506087,9.283422771833475
0.0002182990934348353,3.556503752220289e-05,-0.05691476044688024
2.1735570276824733e-05,5.641948722128641e-10,0.5480669303491191
0.36024384953591876,0.0030686288663794438,-1.3088030778648645
0.9999999999999999,0.003777108026649624,-0.7046152901642384
0.40063342820380515,3.0958846493256213e-08,-0.11599676273306862
0.17831450311864475,0.031465853857067974,2.2125458312293853
0.9999999999982018,3.1735745900521694e-05,-0.11349518095475285
0.9170297212296783,1.7775821551059036e-10,1.0852222654392136
0.9999999061104079,6.73541271999121e-12,0.03855516885167184
0.015856012627587682,0.09294459385859141,0.4457873011483457
0.9993292481393152,0.07354842686085068,0.4887598444940663
2.656698095537273e-10,0.0014757828872952036,-0.1536618831559291
0.8373274263618821,1.7870202123990553e-14,0.6036457389609173
0.9999999993830361,0.24471550763616373,3.821766343938192
0.280661041019768,0.00044303017201609567,0.36411114940648204
0.9759825517890507,0.024478902244641852,1.431866701188174
0.005372143036142994,0.681881367382005,5.854023936190364
2.088701576744266e-12,0.18819148495608856,1.4672843407468552
0.055691371794035285,0.5079686065519338,4.355383531311672
0.0014588845860193686,0.00411841121510118,0.35562870302586436
0.316225983360871,0.05656924332639409,0.20673404808452717
0.16359586528810569,1.6254367227796784e-09,0.7297729532885626
6.486747261386377e-08,0.6514406196223316,5.583404484590875
1.713219629915151e-12,0.032138266519035855,0.36441363851163994
0.44025571654563384,8.802375540336778e-11,0.6868579118924937
0.443727811834907,0.3583604851417665,1.5183020763770547
3.957898648468178e-10,1.033428314348592e-05,2.1217346501616383
0.9999944952716169,5.067170463639404e-12,-0.283151884829204
0.0010202168610958155,3.5279458928664763e-06,-2.0250046342172445
0.9999973166052284,0.5288166399938937,5.446260298515724
0.9999727095613096,0.0003142402160635662,0.0365858701337866
3.0554732842600805e-10,0.00030159688498726875,-0.0788784107226203
0.6825655026686946,0.0895005806128952,1.8861969190556183
4.160744393506595e-13,8.548235031554192e-11,0.7474449722818794
0.9215460801857073,0.004683089573446067,0.34470708675830586
0.9999999829577917,0.0028327384303205886,0.4784830182498535
0.9319340596582999,1.2946971394562709e-14,-0.10435844943795707
0.4781087781786102,2.803022879582422e-06,1.7755188794688441
0.9999919668884996,4.332641645352411e-12,-1.4791960183144401
0.02726993324058163,3.61632826558706e-07,0.13965529054416218
3.369381039427962e-05,0.0002021083659065912,0.06704571484784602
0.027065837229330154,0.003136516502414025,0.8446455710887332
0.33699939375497384,3.4248088946879985e-23,-0.8438538774248993
0.9995776150469838,0.9486539109570845,7.742866507174309
3.854416376142563e-15,3.7367846287730967e-10,0.15682301983497782
0.6780015161666608,0.6311901134663243,6.593131626881847
0.718834636891865,0.07722324397837906,2.2618318492314398
0.004600692131455253,1.4337126492443503e-31,-1.2703620463250862
0.427322721315116,6.603999730465667e-11,1.15469376737712
0.08407641842876724,0.9039296703873556,11.406711067900678
0.9861678275961031,0.732761742375496,6.949852536232483
0.9961411226079233,0.1932147911241806,0.641205691748582
0.9675999858032762,0.33936420451054444,2.9866676787320734
0.08769008804514547,0.0012689568184065172,0.026694535555445903
0.15312279625081343,3.9492598394532e-08,0.5637882699328985
5.783699525610757e-12,1.4691226123150673e-05,-0.5912478175768159
0.9999815005701694,2.084580666913528e-08,1.5551987426054086
0.9991939659265082,6.621708233103785e-09,-1.1145322487909795
0.9999999999999972,1.5217800169440145e-06,-1.7391899343726307
0.9999961849104736,1.963059804332046e-06,1.1067300548853607
0.9999991561306385,0.8918593600892201,6.643972569686001
0.0005983669730221361,0.49678794864068593,4.763749717534143
0.9999995593682988,0.00016637421696445397,3.119344871377692
6.145716972152425e-08,0.03831182728838116,0.37107471992388014
0.0024835505282271623,2.2686207659865123e-05,-1.120540788619651
3.630198571585978e-07,2.585922601603926e-10,-0.05739746120087114
0.981256911690148,0.0020961888457369585,-0.029838900162163964
0.8034110470871108,8.684414217044388e-06,0.16073678449528697
0.999865863734824,0.025569155506310975,0.9179545372227293
0.7304268703357731,3.298972113916019e-05,-1.0387812711563476
0.9999946644209733,0.5575069773867867,7.26261782910466
0.13647434674590764,0.28809068934325077,3.126021177805126
0.9996822666721036,0.9993870792109661,10.720664838511464
0.9999957529159622,0.7029849773277574,6.4017003735219316
0.9999999995771658,2.557812904537426e-05,1.2866379182859873
0.03801263023391535,2.2044872389608592e-16,-0.25705240881306246
2.5834681645192504e-08,0.049109131144743856,0.7686438249409703
0.0006338478294003228,0.0004947336530046426,-0.9281587406570628
0.9996914978601555,0.9999875624755746,9.00294399835362
0.008317352219776709,0.950597825065569,10.194183557108573
0.012603550554537482,6.964467042244314e-06,-0.44353718553696353
8.609961399782798e-07,3.9541459885609697e-13,-0.8538230875004229
0.9999999685833965,0.8976653198644239,8.333469856617208
1.1617672451600472e-07,3.6277513510024626e-08,0.6989534344925563
0.999117190589954,0.04841925008878776,-0.14484536031573336
3.696307032487598e-08,0.002861493513289246,-0.08903999646927162
0.9997787899614246,9.559205457974665e-05,0.015983670832894474
0.8801405806713594,7.499197106387878e-10,-1.917348878511102
0.47961515014030326,1.550699927150519e-06,-1.4711108983742465
0.9998156167651666,1.2385684999438838e-06,0.33629027493256197
2.1175833594490522e-11,0.5368574707322054,4.631545346169357
0.9887448607961924,0.0002152548233853069,1.0588774595142716
5.477693050970713e-07,0.00026517886171587663,0.9694588928677031
0.023238883329202854,0.00048085877792558915,0.723977254134693
0.9737592279548026,0.8329000748020328,10.148772535332924
6.982012508235647e-06,0.2536528381547509,2.4534390538043263
2.3452124942553113e-09,6.131883474770031e-07,0.6488880577873138
0.9998267500656562,1.8087558499399905e-07,-0.5843991678401811
0.9786705489744074,4.7549797334665706e-08,2.452370388366697
0.9689057261305861,0.013694320041984474,2.120576852855864
0.11335959332787356,9.007340532797599e-05,0.0127811685710717
0.999999950999217,0.01787138212937366,0.5653000511989288
0.8465218088364862,8.749683431512869e-12,1.3592975994523027
0.9999982186730408,0.26859149013309996,2.5387753965168924
4.790288561885127e-06,0.3948707133975669,3.2920830631759643
0.21422847581673246,2.925227182068954e-06,0.8740190032787032
3.4060998118112076e-05,1.3485501361097224e-05,0.07857410109728107
5.576390040449277e-12,0.5206204052174411,5.3891985018196715
0.9999995263765129,0.005020996296020488,-0.7840613801077606
0.9999963922351384,0.002533592474103429,-1.692336223622362
0.991515713847164,5.74996733844722e-08,0.2361429848758349
0.9999999637501461,6.853151605511228e-12,0.9049620415627313
4.941063580021454e-18,1.1051189152815105e-20,-0.22580674907604184
1.4833659682867443e-05,1.0608835442402491e-05,1.4365356079132907
0.9999998203139399,6.222379239485289e-07,-0.703910103036305
0.00010495272252844709,0.32523045137651774,2.1976000587992575
0.010136928214532185,0.994126522300904,9.874034915812908
2.6691482796665526e-09,0.006521972003976478,-0.017372855311525673
0.9999999800981452,0.08694877791741584,1.639456510509381
0.9999824666361118,0.8655125702772337,7.8801628787083535
1.6768882326769904e-05,1.017410235137029e-12,1.3680942368250721
0.9999995149004677,0.0031813545590682535,1.9987305080989362
2.659044756898865e-05,2.3302665055336955e-10,-0.03914402463807537
0.984349126023262,1.076451597875197e-06,1.2497211847002974
1.886249023827028e-08,6.319139927463638e-05,-1.0558651566325137
0.9999775202614131,2.3502564279948507e-08,1.0752217762075587
0.893799913082686,0.3598710807870774,4.645987216430237
1.4636775503259225e-07,0.001120292000950996,0.8746402001993886
0.9980882143328199,0.11347453613009889,1.1191822724306948
0.998287993633496,1.6491322518750899e-06,-2.9542324499195125
0.41985060244938965,0.0772061470515507,0.13033432686337765
0.0006708486716383368,3.089437184167806e-06,-0.6258851233127604
0.9999999997178163,2.8560542330259184e-14,-0.9782549380601917
0.01954712388597554,2.2349376466173295e-09,0.12224302689644267
0.9993990530603617,0.0003793353842222794,-0.41517009167901187
0.9982719390689972,0.6220131840424122,5.395519830659101
0.9482560060269246,0.45296317034067507,3.470831555158931
0.9995425354133668,8.47979370196537e-26,-0.7155129854852287
0.3973033435744386,0.5918219282395871,7.039718494245799
0.9999755843545739,2.1496622097476213e-09,-0.661025033130872
0.9999999677235819,0.02503788688227527,-0.26455983761051977
0.9999978862658513,5.1699089227062885e-06,-0.45664591593401926
3.839313803477582e-06,0.8883995665757598,9.22298917956702
0.010125347141286385,0.2154547281443786,2.610796769972319
1.9376151281819445e-08,0.7264614773041095,4.219958233797933
0.46447457269122283,0.19187271106285447,2.940362324456153
0.001866851304814986,0.04793092263981111,1.915677260641865
0.9999999999994048,0.00010458260793101579,-1.0491407112823592
2.0940396964863008e-15,0.0034469421375684936,-0.9378288233591497
0.2161239084829995,0.00015882939607853917,-0.44866509381748604
2.944632668385303e-18,9.805054843337532e-05,-0.7550235139722711
0.9921305289697737,0.9293749007372052,9.517675881318658
0.9999893463877146,0.0032723165015705407,-1.9138021213431589
0.96211055552782,0.01681679104805712,-0.9497596975561686
0.23840342750589927,0.8639913492452077,10.179110692626985
0.05799562013768586,0.9933746828960129,9.005526861612113
0.9914790284923173,0.6607427019812452,7.850855297915377
0.9301290586482585,0.5367973478331878,5.723311673922015
0.29916686400793935,0.025440669338154566,-1.5548610212067124
1.3503433541809919e-05,3.95284972471868e-06,0.6353687237134534
3.687792467082777e-05,0.7349206311549069,7.231539009356216
0.47052206526731405,5.805500005215979e-09,-0.45546699819474046
0.00796191689638198,0.8597126474341913,8.842083567513917
0.9967916381817729,0.0022852873953892764,0.4974863595206849
0.8846492949268928,0.00021484393686772794,0.7097402613432968
0.9999173537133007,1.483591904961307e-08,1.1782529959071928
0.9982589662257941,0.053818363375002926,0.9463195465283856
0.9999561228821194,0.08043251217925819,-0.57130896699378
0.9969881119351457,2.33926457134492e-06,-0.4736220650054776
0.8193109065901987,0.33078669467306987,6.250915281999321
2.338132155129237e-05,0.00043131370083442804,0.7288041973900719
1.0427898433623327e-08,0.29911885296470114,5.360475830458508
0.003894449285066643,0.12158024723931062,2.6112365545922915
0.949045202987689,0.21728863322650022,2.414688403820751
0.0002629323795763358,2.407126400385777e-05,0.301647782421156
0.9949419469642738,6.335022449054232e-09,-0.0365799765266213
0.9999999869202083,7.863000231057823e-07,-1.7377967528462683
0.9802198765266676,0.9722727801990366,9.740775054458592
0.0007528675918150757,0.0736927242608847,1.9476017951510443
3.50271537012375e-10,7.613377091098654e-11,-0.599639994059866
2.0374509155269493e-06,0.025949340454344074,0.6714464036052503
2.1933564541506318e-05,0.48113369378366777,5.662927983729875
0.8066544207777323,0.9422607633887621,8.512927194575145
0.023388640265906945,0.4637084343542855,4.185781479199191
5.735078675883131e-07,0.1827771592828718,0.8098601023515588
1.0044236851480418e-06,0.03283632948669528,-0.49380231182245404
0.001796057925353678,0.001473448431358264,-1.2728707993394786
0.999991874388149,0.0004895250963709575,-0.8955532104143172
0.1639495870312008,0.001318719751780867,1.4326428783156477
0.9963954067988827,0.39321599042219096,3.0166828751316173
3.105438411433123e-17,2.5214166497742074e-06,0.1264844332271878
0.9999693258873975,0.7409806107062331,6.906937353391375
1.0,0.0024160334843002034,1.203026271879941
0.12624775064722782,7.38298082056371e-05,1.3119005946856728
0.29875800464018476,6.694773253830338e-05,0.86473945946433
0.9230263575863485,0.9108472961440178,9.414607514542933
3.775072501847543e-12,2.963166373784154e-06,-0.23102990517716074
0.14557148369691444,2.632508781546849e-05,-1.1916114533130953
0.3725097457197933,0.9188437287641396,11.131966168763594
0.0001820497329317265,2.6858078349263026e-14,-0.7596730177522848
0.001637739469143047,0.03314973313851178,0.9951436784179593
0.002069909181871578,0.9700096232042207,10.759661804665603
0.9999999999314144,0.928322906587197,8.72794856896664
0.7792170118586031,3.6247886598543654e-08,1.0380128897948282
0.9999988867990939,0.4085737955266393,4.849951158605249
0.367252589979954,0.00033655836451637177,1.731329419026929
6.6631304873850814e-06,0.0021563810911796,-0.4477826555149152
1.6567000697825907e-05,0.13287368790294873,0.04287286174977245
0.33477292227424515,0.9534538328219355,9.029048572774844
0.9999999999999999,0.9996870584080844,10.205724126615175
0.9999999999999534,0.005944954328475215,0.11766227036980861
0.9999999999186158,0.0010243539164268623,-0.3831943571102818
0.006860469149505895,0.0014268387969705028,-1.894929071007538
0.10781124217682642,0.08660951847767041,1.3365781809058106
7.802950480849319e-17,0.7209053111589633,9.181397590671832
0.3051995946518445,0.020251351734749987,0.6667647554705034
1.7093879224484648e-10,0.00020205775412760347,0.6111560965947896
0.014914109091075933,0.00045968273582318704,0.5770421335133337
0.9999923625266575,1.792571767378187e-05,0.39722592705913773
0.9999982316980051,0.04821092958013454,1.4137752626694402
0.9714427810477193,1.8651541143394397e-13,0.395373681187531
1.3531816163877477e-08,0.5373688795532502,5.0610116258792255
0.9999999969743236,0.004975372159701614,-0.7462351884117379
0.9998843754143163,0.0022234510570864285,-0.22673914470981094
0.4565427229892857,4.270766806872905e-10,0.31412950072143275
0.9987475204668985,0.0008084814963902761,-0.30799814615907056
0.006400615212942933,0.033961662766292984,0.6539553107943603
6.950149581861034e-07,0.22975404238970656,2.736690557597483
0.9999999860994966,3.8871670793382404e-07,0.8331833184372611
0.0007948991300351325,0.07883952613419191,2.0711902301808998
0.9999999995622275,0.01029625172896183,0.1809699357684758
